ID, Name
56974, 3_0_m_33
54714, 3_0-S_m_29
53696, 3_1-2_f_1
56618, 3_3-1_f_4
54470, 3_0_f_13
58498, 3_0_f_20
56152, 3_0_m_31
58420, 3_0_m_30
55144, 3_0_m_25
56234, 3_0_m_27
55022, 3_0_m_23
53800, 3_0_f_14
56174, 3_3-1_m_3
53872, 3_0_m_34
54058, 3_0_m_9
57454, 3_3-G_m_6
55332, 3_0_m_28
58726, 3_0_f_15
56698, 3_0_f_17
56224, 3_1-3_f_2
54012, 3_0_f_12
57712, 3_0-S_f_35
56218, 3_0-S_f_11
55392, 3_0_m_21
58624, 3_0_f_19
54316, 3_0_f_10
55750, 3_0_m_32
51862, 3_0-S_m_22
51742, 3_0_m_24
58652, 3_1-1_f_0
59444, 3_0_f_18
58674, 3_0-S_f_16
56582, 3_3-1_f_5
55444, 3_3-G_f_7
58476, 3_3-G_m_8
58534, 3_0_m_26
59542, HeadCollider
56824, Player_VR
