SubjectID, Time, X, Y, Z
38436, 70.39806, -6.474477, 0.1298037, 7.391244
38436, 70.41806, -6.48521, 0.3062847, 7.383572
38436, 70.43544, -6.485801, 0.3064417, 7.384107
38436, 70.46753, -6.486474, 0.3066017, 7.38456
38436, 70.55047, -6.488608, 0.3070635, 7.386829
38436, 70.56749, -6.488936, 0.3071373, 7.38705
38436, 70.58834, -6.489057, 0.3072171, 7.387745
38436, 70.62283, -6.490754, 0.3070869, 7.387741
38436, 70.64043, -6.490978, 0.3070738, 7.388156
38436, 70.65767, -6.49105, 0.3071092, 7.388726
38436, 70.67882, -6.490801, 0.3071089, 7.389235
38436, 70.7484, -6.491688, 0.3071697, 7.391088
38436, 70.76543, -6.491815, 0.3072013, 7.391308
38436, 70.79734, -6.491777, 0.307285, 7.392305
38436, 70.8679, -6.491455, 0.3072847, 7.393837
38436, 70.88705, -6.49171, 0.3072993, 7.39382
38436, 70.90499, -6.491616, 0.3073407, 7.394015
38436, 70.93761, -6.492439, 0.3071718, 7.393768
38436, 70.97583, -6.491522, 0.3070401, 7.39434
38436, 70.99456, -6.490907, 0.3069692, 7.394513
38436, 71.01128, -6.490458, 0.3069632, 7.394534
38436, 71.02902, -6.489383, 0.3068891, 7.394753
38436, 71.04602, -6.488322, 0.3065666, 7.394759
38436, 71.06385, -6.487652, 0.3062587, 7.394753
38436, 71.08092, -6.486378, 0.3054094, 7.394744
38436, 71.10192, -6.48516, 0.3044472, 7.394553
38436, 71.1188, -6.484485, 0.3039528, 7.394468
38436, 71.1376, -6.483309, 0.3031184, 7.394186
38436, 71.15788, -6.48225, 0.3023485, 7.393814
38436, 71.17488, -6.481748, 0.3019229, 7.39369
38436, 71.1937, -6.481087, 0.3010752, 7.393447
38436, 71.21253, -6.480231, 0.3004586, 7.393357
38436, 71.29968, -6.478462, 0.3002088, 7.393312
38436, 71.42432, -6.476836, 0.3008481, 7.394241
38436, 71.44509, -6.476799, 0.3008666, 7.394268
38436, 71.53243, -6.476343, 0.3008887, 7.394523
38436, 71.55115, -6.476382, 0.3007649, 7.394489
38436, 71.58685, -6.476363, 0.3008039, 7.394606
38436, 71.60486, -6.476103, 0.3009006, 7.394748
38436, 71.62332, -6.476177, 0.3008887, 7.39477
38436, 71.65881, -6.475808, 0.3009708, 7.395031
38436, 71.94875, -6.476673, 0.3010643, 7.39524
38436, 71.96869, -6.476799, 0.3009406, 7.395063
38436, 72.03853, -6.476369, 0.3009683, 7.395064
38436, 72.15408, -6.477083, 0.3001907, 7.394128
38436, 72.19463, -6.47722, 0.2996458, 7.393579
38436, 72.21198, -6.477244, 0.2995185, 7.39316
38436, 72.22976, -6.477109, 0.2994519, 7.39296
38436, 72.26655, -6.47672, 0.2995166, 7.392154
38436, 72.30639, -6.475953, 0.2995542, 7.391042
38436, 72.32504, -6.475852, 0.2995225, 7.390236
38436, 72.3443, -6.475574, 0.299558, 7.389977
38436, 72.3628, -6.475092, 0.2994629, 7.389357
38436, 72.4151, -6.474226, 0.2990659, 7.388131
38436, 72.45444, -6.474025, 0.298961, 7.387753
38436, 72.47482, -6.47363, 0.2987683, 7.387671
38436, 72.52814, -6.473631, 0.2985613, 7.387362
38436, 72.56536, -6.473205, 0.2981002, 7.38744
38436, 72.58232, -6.472994, 0.2977058, 7.387647
38436, 72.60148, -6.472743, 0.2972535, 7.38768
38436, 72.63968, -6.472484, 0.2966058, 7.387745
38436, 72.65868, -6.472064, 0.2961277, 7.387956
38436, 72.68025, -6.471733, 0.295574, 7.388023
38436, 72.69955, -6.471751, 0.2952228, 7.387973
38436, 72.72009, -6.471415, 0.2944929, 7.387911
38436, 72.73772, -6.471004, 0.2937087, 7.387923
38436, 72.77357, -6.470525, 0.2923647, 7.387788
38436, 72.79104, -6.470359, 0.2915231, 7.387445
38436, 72.80837, -6.470104, 0.291149, 7.387397
38436, 72.84363, -6.469351, 0.2902788, 7.386951
38436, 72.93526, -6.466055, 0.2903779, 7.385244
38436, 72.95477, -6.465631, 0.290254, 7.385065
38436, 72.97215, -6.464841, 0.2900687, 7.384709
38436, 73.00501, -6.463996, 0.2898178, 7.38412
38436, 73.10172, -6.462361, 0.2896128, 7.383033
38436, 73.11848, -6.462428, 0.2895473, 7.382822
38436, 73.21438, -6.461841, 0.2897727, 7.382353
38436, 73.37772, -6.462287, 0.2894159, 7.382329
38436, 73.41582, -6.463049, 0.2893794, 7.38203
38436, 73.43377, -6.462988, 0.2893496, 7.381832
38436, 73.45218, -6.462583, 0.28933, 7.381468
38436, 73.47159, -6.462524, 0.2891874, 7.380468
38436, 73.48987, -6.461417, 0.2893444, 7.379453
38436, 73.50785, -6.460538, 0.2893869, 7.378034
38436, 73.52728, -6.459422, 0.2894574, 7.376155
38436, 73.54668, -6.458248, 0.289542, 7.37371
38436, 73.56505, -6.45697, 0.2895596, 7.370563
38436, 73.58651, -6.455794, 0.289591, 7.366965
38436, 73.60645, -6.454199, 0.2896273, 7.36209
38436, 73.62532, -6.452982, 0.2896532, 7.356661
38436, 73.64763, -6.451694, 0.2897276, 7.350859
38436, 73.67905, -6.449269, 0.2896726, 7.337333
38436, 73.69617, -6.448621, 0.2895567, 7.330286
38436, 73.71468, -6.447468, 0.2895638, 7.322091
38436, 73.73177, -6.446158, 0.289586, 7.312666
38436, 73.76868, -6.443687, 0.289663, 7.294262
38436, 73.78947, -6.441512, 0.2897786, 7.280801
38436, 73.81059, -6.439874, 0.2897816, 7.266845
38436, 73.82845, -6.438158, 0.289838, 7.251824
38436, 73.84567, -6.436732, 0.2898456, 7.238268
38436, 73.86592, -6.435258, 0.2898506, 7.224689
38436, 73.88535, -6.43364, 0.2897682, 7.207774
38436, 73.90263, -6.432123, 0.2898082, 7.190675
38436, 73.9249, -6.4307, 0.2898203, 7.174866
38436, 73.95638, -6.427299, 0.2900128, 7.137293
38436, 73.9732, -6.426251, 0.2900383, 7.122266
38436, 74.00448, -6.427118, 0.2901869, 7.090524
38436, 74.03767, -6.435648, 0.2902102, 7.060457
38436, 74.06947, -6.45117, 0.2902518, 7.031101
38436, 74.0892, -6.460046, 0.2902356, 7.016714
38436, 74.11042, -6.470479, 0.2902234, 6.999934
38436, 74.14375, -6.490974, 0.2903436, 6.968352
38436, 74.16172, -6.500659, 0.2903381, 6.954545
38436, 74.18055, -6.51263, 0.2903689, 6.941105
38436, 74.19738, -6.526243, 0.2903553, 6.928049
38436, 74.23495, -6.554887, 0.2903324, 6.911977
38436, 74.25167, -6.57509, 0.2903204, 6.904185
38436, 74.27322, -6.591082, 0.2903056, 6.898994
38436, 74.2937, -6.612338, 0.2903856, 6.89484
38436, 74.31353, -6.63284, 0.290434, 6.892911
38436, 74.3334, -6.652877, 0.2903399, 6.892273
38436, 74.35464, -6.672818, 0.2903346, 6.891839
38436, 74.37441, -6.69404, 0.2904097, 6.89154
38436, 74.40653, -6.728536, 0.29052, 6.890491
38436, 74.43998, -6.761901, 0.2905188, 6.888678
38436, 74.47411, -6.794305, 0.2905023, 6.883088
38436, 74.50864, -6.825511, 0.290563, 6.865777
38436, 74.56151, -6.825251, 0.2905194, 6.865734
38436, 74.59599, -6.824403, 0.2906828, 6.866133
38436, 74.65119, -6.823702, 0.2907108, 6.866123
38436, 74.67148, -6.823084, 0.2906916, 6.866324
38436, 74.70607, -6.822653, 0.2905809, 6.866395
38436, 74.72761, -6.822074, 0.2906315, 6.866658
38436, 74.76295, -6.821606, 0.2906069, 6.866807
38436, 74.80166, -6.819638, 0.2908103, 6.865555
38436, 74.81993, -6.817077, 0.2908277, 6.863753
38436, 74.83857, -6.814042, 0.290883, 6.861804
38436, 74.85647, -6.810109, 0.2910122, 6.859181
38436, 74.87728, -6.805168, 0.2910996, 6.856319
38436, 74.89609, -6.798261, 0.2911329, 6.852204
38436, 74.91655, -6.790799, 0.2911524, 6.848135
38436, 74.95116, -6.772035, 0.2911323, 6.838302
38436, 74.97143, -6.761931, 0.2910072, 6.833147
38436, 74.99123, -6.748744, 0.2910311, 6.826138
38436, 75.01228, -6.734383, 0.2910211, 6.818687
38436, 75.0291, -6.717605, 0.2910116, 6.81009
38436, 75.04747, -6.703094, 0.290949, 6.802822
38436, 75.06544, -6.686861, 0.2910243, 6.794432
38436, 75.10081, -6.657981, 0.2909162, 6.779064
38436, 75.12128, -6.640331, 0.2909308, 6.769603
38436, 75.27098, -6.642585, 0.2906446, 6.769024
38436, 75.29037, -6.643053, 0.2907288, 6.76877
38436, 75.30775, -6.64325, 0.2906716, 6.76872
38436, 75.3476, -6.644238, 0.2905379, 6.76839
38436, 75.40369, -6.645105, 0.2906552, 6.768108
38436, 75.47232, -6.645451, 0.2904498, 6.768096
38436, 75.50546, -6.645873, 0.2903921, 6.767857
38436, 75.61471, -6.645703, 0.2907962, 6.767687
38436, 75.65304, -6.645411, 0.2913776, 6.767582
38436, 75.67407, -6.645254, 0.2921378, 6.767483
38436, 75.69312, -6.645069, 0.2927464, 6.76763
38436, 75.71175, -6.644767, 0.2930974, 6.76791
38436, 75.74564, -6.644404, 0.293509, 6.768042
38436, 75.76505, -6.644285, 0.293547, 6.76824
38436, 75.83804, -6.642897, 0.2926842, 6.768572
38436, 75.87572, -6.642556, 0.2922441, 6.768354
38436, 75.91138, -6.641798, 0.2913377, 6.768273
38436, 75.92873, -6.641673, 0.2911698, 6.768235
38436, 75.99293, -6.640531, 0.2903194, 6.767918
38436, 76.04837, -6.639971, 0.2905194, 6.767338
38436, 76.06736, -6.640007, 0.2906455, 6.766958
38436, 76.27351, -6.639095, 0.2900628, 6.766437
38436, 76.32642, -6.639331, 0.2893149, 6.766307
38436, 76.34835, -6.6393, 0.2893745, 6.766176
38436, 76.38098, -6.639853, 0.2894667, 6.765722
38436, 76.44978, -6.640068, 0.2892184, 6.76577
38436, 76.47211, -6.640004, 0.2889749, 6.765915
38436, 76.66385, -6.640684, 0.2887351, 6.764983
38436, 76.72093, -6.641236, 0.289365, 6.764168
38436, 76.73934, -6.641037, 0.289589, 6.76431
38436, 76.8055, -6.640924, 0.2920198, 6.764325
38436, 76.8259, -6.640655, 0.2925278, 6.764498
38436, 76.84627, -6.640566, 0.2929451, 6.764581
38436, 76.86606, -6.640754, 0.2930833, 6.764411
38436, 76.88795, -6.640719, 0.2930361, 6.764376
38436, 76.95071, -6.640349, 0.2921983, 6.76431
38436, 76.96847, -6.640117, 0.2918465, 6.76412
38436, 76.98714, -6.640083, 0.2917044, 6.763993
38436, 77.02742, -6.639445, 0.2911666, 6.763946
38436, 77.04768, -6.639376, 0.2909799, 6.763823
38436, 77.06625, -6.639479, 0.2907096, 6.763425
38436, 77.12174, -6.639284, 0.2903158, 6.762946
38436, 77.15552, -6.639496, 0.2901266, 6.762372
38436, 77.21076, -6.639898, 0.2902386, 6.761734
38436, 77.22973, -6.639836, 0.2902082, 6.761695
38436, 77.24817, -6.639695, 0.2903073, 6.761514
38436, 77.2658, -6.640299, 0.2902427, 6.761076
38436, 77.28769, -6.640384, 0.2901522, 6.760954
38436, 77.30492, -6.640292, 0.2900735, 6.760999
38436, 77.39316, -6.640352, 0.2907546, 6.760742
38436, 77.45899, -6.639887, 0.2911054, 6.76104
38436, 77.47597, -6.639586, 0.2912899, 6.76101
38436, 77.50739, -6.639651, 0.2914837, 6.760889
38436, 77.52769, -6.63948, 0.291678, 6.760998
38436, 77.54667, -6.639081, 0.2918098, 6.761123
38436, 77.72459, -6.637536, 0.291942, 6.761147
38436, 77.74629, -6.637587, 0.2918926, 6.761035
38436, 77.78595, -6.637286, 0.2917909, 6.761037
38436, 77.83727, -6.637443, 0.2916656, 6.760863
38436, 77.85829, -6.637425, 0.2915577, 6.760571
38436, 77.87863, -6.637248, 0.2915791, 6.760778
38436, 78.16825, -6.637643, 0.29157, 6.761472
38436, 78.28345, -6.637365, 0.2917784, 6.762024
38436, 78.32137, -6.63779, 0.291671, 6.76189
38436, 78.34232, -6.637711, 0.2915234, 6.761957
38436, 78.45251, -6.638035, 0.291502, 6.76169
38436, 78.4929, -6.638623, 0.291449, 6.761185
38436, 78.55434, -6.638104, 0.2913869, 6.761123
38436, 78.57143, -6.638139, 0.2913774, 6.761036
38436, 78.60719, -6.638408, 0.2915228, 6.760731
38436, 78.6617, -6.638011, 0.2914864, 6.760832
38436, 78.8532, -6.636541, 0.2916315, 6.76184
38436, 78.87173, -6.636552, 0.291534, 6.761852
38436, 78.9045, -6.636491, 0.2911865, 6.762146
38436, 78.92204, -6.63632, 0.2907925, 6.76245
38436, 78.94117, -6.636336, 0.2905892, 6.762519
38436, 78.9753, -6.636427, 0.2897116, 6.762877
38436, 79.01175, -6.636611, 0.2890886, 6.762757
38436, 79.15939, -6.636873, 0.289462, 6.761977
38436, 79.17924, -6.636686, 0.2894952, 6.762075
38436, 79.21185, -6.636773, 0.2896483, 6.761909
38436, 79.2332, -6.636492, 0.2895817, 6.761948
38436, 79.24987, -6.636443, 0.2895464, 6.761945
38436, 79.28913, -6.635847, 0.2895253, 6.762232
38436, 79.30769, -6.635806, 0.2895198, 6.762284
38436, 79.34393, -6.635344, 0.2895016, 6.762448
38436, 79.63673, -6.633219, 0.2902874, 6.763386
38436, 79.7232, -6.633204, 0.2902563, 6.763283
38436, 79.74207, -6.633015, 0.2902207, 6.763348
38436, 79.83575, -6.633101, 0.2901485, 6.76344
38436, 79.85255, -6.63324, 0.2900896, 6.76335
38436, 80.02242, -6.632546, 0.2906654, 6.763803
38436, 80.20243, -6.632011, 0.2913376, 6.763685
38436, 80.22311, -6.63167, 0.291468, 6.763843
38436, 80.27744, -6.631638, 0.2915245, 6.763674
38436, 80.31355, -6.631444, 0.2913319, 6.763803
38436, 80.37193, -6.631682, 0.2913213, 6.763599
38436, 80.38973, -6.631617, 0.2912805, 6.763644
38436, 80.5076, -6.632653, 0.2911898, 6.763054
38436, 80.54864, -6.633445, 0.2912513, 6.762574
38436, 80.71492, -6.63435, 0.2909468, 6.761404
38436, 80.73473, -6.634192, 0.2908833, 6.761336
38436, 80.87639, -6.635585, 0.2907949, 6.760194
38436, 80.89525, -6.636052, 0.2906813, 6.759861
38436, 80.91552, -6.636316, 0.2906501, 6.759706
38436, 80.98888, -6.636182, 0.2909535, 6.759527
38436, 81.00613, -6.636129, 0.2908202, 6.759514
38436, 81.04179, -6.635939, 0.2909853, 6.759325
38436, 81.07504, -6.636109, 0.2910582, 6.759111
38436, 81.09219, -6.63609, 0.2909816, 6.759136
38436, 81.10896, -6.636151, 0.2910157, 6.758932
38436, 81.14651, -6.6361, 0.2909216, 6.758832
38436, 81.16434, -6.636201, 0.2909708, 6.758618
38436, 81.19761, -6.6361, 0.2909232, 6.758491
38436, 81.21487, -6.636401, 0.2909848, 6.75828
38436, 81.23611, -6.636576, 0.2910036, 6.758092
38436, 81.25411, -6.636407, 0.2908885, 6.758178
38436, 81.2899, -6.63633, 0.2908193, 6.758039
38436, 81.3118, -6.636054, 0.2907294, 6.758119
38436, 81.41776, -6.635678, 0.2905165, 6.758058
38436, 81.50227, -6.636179, 0.2902754, 6.757503
38436, 81.52113, -6.636034, 0.2902893, 6.757653
38436, 81.62875, -6.635347, 0.2905328, 6.757993
38436, 81.64725, -6.635602, 0.290523, 6.757864
38436, 81.76451, -6.633544, 0.2909934, 6.758976
38436, 81.81662, -6.633271, 0.2910959, 6.75883
38436, 81.83726, -6.632818, 0.2911947, 6.758937
38436, 81.87106, -6.6325, 0.2913629, 6.758954
38436, 81.88824, -6.631999, 0.2914498, 6.759247
38436, 81.92171, -6.631353, 0.2915609, 6.759544
38436, 81.95338, -6.630995, 0.2917325, 6.759614
38436, 82.03932, -6.630437, 0.2917215, 6.760024
38436, 82.05846, -6.629921, 0.2920047, 6.760235
38436, 82.0752, -6.629324, 0.2922592, 6.760564
38436, 82.09412, -6.629082, 0.2924244, 6.760728
38436, 82.11437, -6.628505, 0.2927085, 6.761098
38436, 82.13132, -6.62782, 0.2932726, 6.761399
38436, 82.16451, -6.626931, 0.2940388, 6.761462
38436, 82.18288, -6.626536, 0.2942539, 6.761541
38436, 82.20244, -6.625848, 0.2947703, 6.76159
38436, 82.22016, -6.624664, 0.2956777, 6.761688
38436, 82.23969, -6.623899, 0.2959999, 6.761824
38436, 82.25685, -6.622647, 0.2968644, 6.761924
38436, 82.2769, -6.621073, 0.2975863, 6.762198
38436, 82.31104, -6.619143, 0.2988096, 6.762759
38436, 82.33373, -6.617408, 0.2993281, 6.763306
38436, 82.37515, -6.614863, 0.3002189, 6.764055
38436, 82.39446, -6.61389, 0.3003699, 6.764486
38436, 82.41253, -6.612569, 0.300634, 6.764983
38436, 82.43209, -6.611543, 0.3008273, 6.765283
38436, 82.45253, -6.610678, 0.3010828, 6.765606
38436, 82.47064, -6.610204, 0.3010741, 6.765689
38436, 82.48777, -6.608929, 0.3012032, 6.766168
38436, 82.50642, -6.608361, 0.3012969, 6.766317
38436, 82.52769, -6.60715, 0.3016369, 6.766615
38436, 82.54736, -6.605638, 0.301998, 6.767136
38436, 82.56528, -6.604542, 0.3023562, 6.767436
38436, 82.58778, -6.603554, 0.3027106, 6.76772
38436, 82.60616, -6.60297, 0.3028588, 6.767889
38436, 82.64261, -6.60079, 0.3032587, 6.768251
38436, 82.66077, -6.600375, 0.3033257, 6.76832
38436, 82.73688, -6.596802, 0.3036331, 6.768863
38436, 82.75607, -6.596057, 0.3036077, 6.768902
38436, 82.77301, -6.595589, 0.3036152, 6.768978
38436, 82.7917, -6.59515, 0.3034716, 6.768758
38436, 82.84502, -6.59336, 0.303743, 6.768135
38436, 82.86444, -6.592939, 0.3036392, 6.767681
38436, 82.88136, -6.592571, 0.3036533, 6.767526
38436, 82.90263, -6.591762, 0.3037675, 6.767168
38436, 82.92246, -6.590846, 0.3037402, 6.766941
38436, 82.94052, -6.590313, 0.3037344, 6.766623
38436, 82.97449, -6.58978, 0.3037614, 6.766834
38436, 82.993, -6.589785, 0.3037721, 6.767032
38436, 83.01575, -6.589202, 0.3037385, 6.768081
38436, 83.0341, -6.589036, 0.3036221, 6.769238
38436, 83.05315, -6.589728, 0.3034786, 6.770202
38436, 83.07349, -6.590581, 0.3033082, 6.771462
38436, 83.09413, -6.591404, 0.3031464, 6.772166
38436, 83.11304, -6.592262, 0.3028662, 6.77411
38436, 83.1303, -6.593571, 0.3024006, 6.77603
38436, 83.14742, -6.594701, 0.3020538, 6.776922
38436, 83.16988, -6.5963, 0.3016191, 6.779028
38436, 83.20672, -6.599639, 0.3016757, 6.783047
38436, 83.24569, -6.601965, 0.3020576, 6.786089
38436, 83.2646, -6.603619, 0.3020101, 6.787884
38436, 83.30019, -6.605588, 0.3018064, 6.790493
38436, 83.31853, -6.607093, 0.3014205, 6.792017
38436, 83.3366, -6.6079, 0.3011487, 6.79282
38436, 83.36842, -6.610085, 0.3002113, 6.795305
38436, 83.38643, -6.611575, 0.2998489, 6.796896
38436, 83.40688, -6.61291, 0.2993769, 6.798628
38436, 83.43936, -6.614367, 0.2990749, 6.800333
38436, 83.45696, -6.616147, 0.2988203, 6.801807
38436, 83.47388, -6.617741, 0.2987955, 6.803442
38436, 83.49057, -6.619018, 0.2987056, 6.804077
38436, 83.51231, -6.620954, 0.2987146, 6.80563
38436, 83.54715, -6.623715, 0.2988914, 6.807969
38436, 83.56426, -6.625344, 0.299, 6.809497
38436, 83.58394, -6.626183, 0.299109, 6.810215
38436, 83.61594, -6.628843, 0.2994514, 6.812074
38436, 83.65118, -6.631439, 0.3000227, 6.814363
38436, 83.67031, -6.632076, 0.3001949, 6.814776
38436, 83.70464, -6.63359, 0.3003337, 6.815957
38436, 83.72259, -6.634165, 0.3004782, 6.81685
38436, 83.74291, -6.634567, 0.3007444, 6.817508
38436, 83.76123, -6.634786, 0.3008512, 6.817732
38436, 83.77997, -6.635264, 0.3010091, 6.818225
38436, 83.8111, -6.634814, 0.3010986, 6.819021
38436, 83.82861, -6.63459, 0.3011048, 6.819164
38436, 83.84561, -6.633996, 0.3012122, 6.819386
38436, 83.86507, -6.632919, 0.3012683, 6.819717
38436, 83.88361, -6.632489, 0.3013405, 6.81973
38436, 83.90241, -6.631182, 0.3014836, 6.819868
38436, 83.92318, -6.629968, 0.3015167, 6.819756
38436, 83.94067, -6.628967, 0.3013654, 6.819212
38436, 83.97691, -6.627347, 0.3012273, 6.818322
38436, 83.99612, -6.626076, 0.301193, 6.817698
38436, 84.01609, -6.625611, 0.3010489, 6.817337
38436, 84.03603, -6.624391, 0.3010374, 6.816616
38436, 84.05553, -6.623628, 0.3013111, 6.8156
38436, 84.07536, -6.622594, 0.3016135, 6.814749
38436, 84.09483, -6.622025, 0.3016961, 6.814447
38436, 84.11428, -6.621059, 0.301813, 6.81373
38436, 84.13211, -6.619879, 0.3018272, 6.813279
38436, 84.15178, -6.619038, 0.3017102, 6.812632
38436, 84.17283, -6.618215, 0.3016937, 6.812229
38436, 84.19285, -6.617708, 0.3018651, 6.811971
38436, 84.21366, -6.61691, 0.3020085, 6.811342
38436, 84.23091, -6.616221, 0.302126, 6.810631
38436, 84.24816, -6.615915, 0.3020845, 6.810373
38436, 84.26772, -6.615244, 0.3021359, 6.809777
38436, 84.28538, -6.614445, 0.3019527, 6.809358
38436, 84.30504, -6.614243, 0.3018268, 6.809123
38436, 84.32602, -6.613433, 0.3017172, 6.80872
38436, 84.3444, -6.612795, 0.3025613, 6.80841
38436, 84.36469, -6.612088, 0.3038805, 6.808292
38436, 84.38335, -6.611741, 0.3046513, 6.808298
38436, 84.40066, -6.611169, 0.3059991, 6.808344
38436, 84.41735, -6.610181, 0.3069221, 6.808575
38436, 84.43739, -6.609657, 0.3071482, 6.808699
38436, 84.45463, -6.608458, 0.3071147, 6.808781
38436, 84.47252, -6.60779, 0.3068247, 6.808725
38436, 84.49243, -6.606662, 0.306542, 6.808443
38436, 84.51128, -6.605582, 0.3060182, 6.807836
38436, 84.54838, -6.603854, 0.3051443, 6.80694
38436, 84.56679, -6.602631, 0.3051279, 6.806691
38436, 84.58442, -6.60131, 0.3055615, 6.806558
38436, 84.60179, -6.600867, 0.3058438, 6.806525
38436, 84.61939, -6.599497, 0.3062549, 6.806787
38436, 84.63882, -6.599016, 0.306358, 6.806732
38436, 84.67427, -6.596974, 0.3067691, 6.806832
38436, 84.69272, -6.596322, 0.3067921, 6.806882
38436, 84.71033, -6.595155, 0.3069685, 6.806924
38436, 84.72981, -6.594136, 0.3071325, 6.806966
38436, 84.74754, -6.59382, 0.3070463, 6.806808
38436, 84.80118, -6.591272, 0.3073377, 6.806413
38436, 84.81814, -6.590227, 0.3074028, 6.806251
38436, 84.83688, -6.590056, 0.3073283, 6.805972
38436, 84.87564, -6.588021, 0.3073952, 6.805349
38436, 84.89471, -6.587271, 0.3072536, 6.804986
38436, 84.91196, -6.586822, 0.3070801, 6.804721
38436, 84.9311, -6.5862, 0.3070019, 6.804241
38436, 84.95081, -6.58517, 0.3070368, 6.803642
38436, 84.97012, -6.58464, 0.3069942, 6.803402
38436, 85.00549, -6.582648, 0.3069713, 6.802783
38436, 85.03841, -6.580552, 0.306976, 6.801935
38436, 85.05584, -6.578659, 0.3070549, 6.801455
38436, 85.09688, -6.574944, 0.3068869, 6.800591
38436, 85.11698, -6.573903, 0.3068441, 6.800386
38436, 85.13446, -6.572215, 0.3067669, 6.799872
38436, 85.15141, -6.570754, 0.3067489, 6.799449
38436, 85.16878, -6.570172, 0.3067298, 6.799205
38436, 85.1869, -6.568789, 0.3066151, 6.798995
38436, 85.20493, -6.568117, 0.3064941, 6.798869
38436, 85.22298, -6.567403, 0.3063353, 6.798542
38436, 85.262, -6.566405, 0.3060346, 6.798115
38436, 85.28209, -6.56621, 0.3059773, 6.798079
38436, 85.2992, -6.566027, 0.305867, 6.797891
38436, 85.31763, -6.566148, 0.3058702, 6.797514
38436, 85.35599, -6.566131, 0.3058656, 6.79732
38436, 85.37673, -6.56632, 0.3059676, 6.797047
38436, 85.39351, -6.566198, 0.3059525, 6.797117
38436, 85.43179, -6.56671, 0.3057618, 6.796712
38436, 85.65675, -6.569191, 0.3051189, 6.796033
38436, 85.67632, -6.569196, 0.3050142, 6.796075
38436, 85.73251, -6.569518, 0.3047886, 6.79587
38436, 85.86008, -6.570888, 0.3044017, 6.794393
38436, 85.87965, -6.571416, 0.3041952, 6.794089
38436, 85.90066, -6.571696, 0.3040696, 6.793993
38436, 85.91816, -6.57207, 0.304144, 6.793674
38436, 85.93828, -6.572273, 0.3041323, 6.793477
38436, 85.95596, -6.572708, 0.304309, 6.793025
38436, 85.97546, -6.573359, 0.304535, 6.792373
38436, 85.99612, -6.573872, 0.3045427, 6.79203
38436, 86.01558, -6.574286, 0.3044087, 6.79188
38436, 86.06761, -6.575588, 0.3045148, 6.791376
38436, 86.08442, -6.576107, 0.304483, 6.791059
38436, 86.12543, -6.576588, 0.3044828, 6.790795
38436, 86.14368, -6.57701, 0.3044153, 6.790447
38436, 86.18256, -6.577427, 0.3043394, 6.789914
38436, 86.20335, -6.577861, 0.3042647, 6.789713
38436, 86.22215, -6.578463, 0.3040329, 6.789406
38436, 86.23965, -6.578934, 0.3040841, 6.789104
38436, 86.2795, -6.579526, 0.3041104, 6.788698
38436, 86.29865, -6.580058, 0.3042039, 6.788341
38436, 86.33472, -6.580335, 0.3044043, 6.787993
38436, 86.35155, -6.580522, 0.3046924, 6.787647
38436, 86.36892, -6.580664, 0.3047925, 6.787488
38436, 86.38663, -6.580923, 0.3046705, 6.787406
38436, 86.44411, -6.581146, 0.3046165, 6.787586
38436, 86.46124, -6.58136, 0.3044111, 6.787888
38436, 86.47936, -6.581645, 0.3044009, 6.788031
38436, 86.4962, -6.582007, 0.3046036, 6.788358
38436, 86.54814, -6.58308, 0.3045707, 6.788498
38436, 86.58282, -6.583426, 0.3047215, 6.788749
38436, 86.60221, -6.583447, 0.3046359, 6.788823
38436, 86.63712, -6.583823, 0.3047211, 6.788759
38436, 86.65403, -6.584192, 0.304707, 6.788714
38436, 86.67167, -6.584266, 0.3044626, 6.788844
38436, 86.74014, -6.584501, 0.3043016, 6.789065
38436, 86.81013, -6.585163, 0.3043009, 6.789066
38436, 86.84226, -6.58527, 0.304323, 6.789337
38436, 86.87541, -6.585955, 0.3044558, 6.789278
38436, 86.9413, -6.586888, 0.3050543, 6.789316
38436, 87.01107, -6.587612, 0.3057407, 6.789237
38436, 87.03311, -6.587806, 0.3060064, 6.789499
38436, 87.06667, -6.587799, 0.306578, 6.78982
38436, 87.1008, -6.588143, 0.3069637, 6.790069
38436, 87.13265, -6.588735, 0.3069922, 6.790074
38436, 87.15327, -6.588794, 0.3069233, 6.790237
38436, 87.18929, -6.589046, 0.307196, 6.790516
38436, 87.20934, -6.589447, 0.3075147, 6.790733
38436, 87.24432, -6.589674, 0.307685, 6.790924
38436, 87.26281, -6.589943, 0.3080034, 6.790976
38436, 87.28115, -6.58987, 0.3081417, 6.790993
38436, 87.29884, -6.589896, 0.3084842, 6.79101
38436, 87.31587, -6.590587, 0.3086303, 6.790684
38436, 87.33298, -6.590891, 0.3087829, 6.79064
38436, 87.36827, -6.591221, 0.3087689, 6.790781
38436, 87.38565, -6.591598, 0.3087063, 6.79046
38436, 87.40353, -6.591782, 0.3087122, 6.790383
38436, 87.44077, -6.592596, 0.3085376, 6.790108
38436, 87.54972, -6.593707, 0.30845, 6.789385
38436, 87.63815, -6.593749, 0.3078417, 6.789073
38436, 87.67201, -6.593905, 0.3076529, 6.788649
38436, 87.70504, -6.593577, 0.3074991, 6.78862
38436, 87.72407, -6.593598, 0.3073826, 6.788503
38436, 87.77575, -6.593429, 0.3071835, 6.787746
38436, 87.79462, -6.59292, 0.3070347, 6.787651
38436, 87.81532, -6.593115, 0.3070486, 6.787574
38436, 87.84901, -6.593101, 0.3069369, 6.787066
38436, 87.88352, -6.592389, 0.3065883, 6.786891
38436, 87.90195, -6.592443, 0.306554, 6.786787
38436, 87.91875, -6.592072, 0.3065977, 6.786788
38436, 87.9363, -6.591534, 0.3065066, 6.786842
38436, 87.96862, -6.591294, 0.3064134, 6.786683
38436, 88.00362, -6.590414, 0.3062031, 6.78669
38436, 88.022, -6.590645, 0.3059907, 6.786407
38436, 88.07386, -6.590492, 0.3060181, 6.786199
38436, 88.10925, -6.589879, 0.3058314, 6.786031
38436, 88.1423, -6.58967, 0.3057331, 6.786387
38436, 88.15988, -6.589678, 0.3057933, 6.787396
38436, 88.1779, -6.589113, 0.305719, 6.789127
38436, 88.21046, -6.587839, 0.3056267, 6.793597
38436, 88.24277, -6.586244, 0.3054324, 6.79985
38436, 88.27604, -6.585095, 0.3054397, 6.807576
38436, 88.29337, -6.588143, 0.3054263, 6.804502
38436, 88.32726, -6.589647, 0.3052503, 6.79509
38436, 88.34529, -6.590415, 0.3051179, 6.789439
38436, 88.36648, -6.591539, 0.3051154, 6.782855
38436, 88.39859, -6.592974, 0.3050606, 6.767799
38436, 88.41547, -6.5944, 0.3050819, 6.759176
38436, 88.43382, -6.59586, 0.3051171, 6.750068
38436, 88.45078, -6.597171, 0.3051098, 6.739316
38436, 88.47161, -6.598452, 0.3049354, 6.728617
38436, 88.49106, -6.600667, 0.3048095, 6.714708
38436, 88.50864, -6.603263, 0.3046622, 6.700677
38436, 88.54391, -6.608117, 0.3043274, 6.674729
38436, 88.57697, -6.614098, 0.304153, 6.643534
38436, 88.59406, -6.617286, 0.3042026, 6.62731
38436, 88.61087, -6.6209, 0.3042212, 6.610422
38436, 88.63172, -6.624234, 0.3041761, 6.593759
38436, 88.64909, -6.628633, 0.3040825, 6.573167
38436, 88.66764, -6.632251, 0.3040826, 6.556092
38436, 88.69823, -6.639368, 0.3039231, 6.523044
38436, 88.71516, -6.642881, 0.3038875, 6.506992
38436, 88.73325, -6.646188, 0.3039075, 6.490151
38436, 88.76801, -6.651606, 0.30359, 6.456148
38436, 88.78831, -6.654138, 0.3036816, 6.436955
38436, 88.81937, -6.657128, 0.3036032, 6.400208
38436, 88.83614, -6.657418, 0.3035404, 6.385071
38436, 88.86855, -6.657491, 0.3034371, 6.352319
38436, 88.9001, -6.65662, 0.3035457, 6.319929
38436, 88.93211, -6.654243, 0.3034576, 6.288198
38436, 88.94934, -6.652015, 0.3034983, 6.271171
38436, 88.96653, -6.648902, 0.3034192, 6.254009
38436, 89.00166, -6.641557, 0.3032109, 6.221709
38436, 89.02136, -6.636607, 0.3032299, 6.202334
38436, 89.04218, -6.631591, 0.303271, 6.182974
38436, 89.07545, -6.621966, 0.3032488, 6.147007
38436, 89.09421, -6.617697, 0.3032793, 6.129871
38436, 89.11098, -6.612704, 0.3031967, 6.111639
38436, 89.12877, -6.608947, 0.3032329, 6.094942
38436, 89.16067, -6.600734, 0.3030927, 6.062021
38436, 89.17927, -6.596694, 0.3030761, 6.046186
38436, 89.19631, -6.592324, 0.3028057, 6.02763
38436, 89.21699, -6.588118, 0.3028764, 6.010847
38436, 89.23431, -6.583421, 0.3029648, 5.990639
38436, 89.25423, -6.579448, 0.3028917, 5.973469
38436, 89.28478, -6.571398, 0.3028074, 5.938298
38436, 89.3152, -6.564005, 0.3027971, 5.908046
38436, 89.33448, -6.560807, 0.3028686, 5.893681
38436, 89.36865, -6.552869, 0.3027807, 5.85978
38436, 89.40099, -6.544844, 0.3025523, 5.826483
38436, 89.4186, -6.540696, 0.3023583, 5.809646
38436, 89.44952, -6.533424, 0.3021859, 5.776811
38436, 89.46764, -6.5303, 0.302063, 5.762164
38436, 89.48616, -6.526467, 0.3019733, 5.744393
38436, 89.50321, -6.522773, 0.3019757, 5.726142
38436, 89.5223, -6.519048, 0.3019878, 5.709522
38436, 89.54331, -6.515204, 0.3019938, 5.690781
38436, 89.56013, -6.511395, 0.3018417, 5.670096
38436, 89.57823, -6.508063, 0.3017826, 5.653605
38436, 89.61266, -6.501043, 0.3018495, 5.6201
38436, 89.63345, -6.497357, 0.3017859, 5.601958
38436, 89.66891, -6.490779, 0.3016571, 5.565213
38436, 89.6862, -6.487844, 0.3015225, 5.546463
38436, 89.70741, -6.485316, 0.3017535, 5.529291
38436, 89.72607, -6.482629, 0.3020108, 5.508049
38436, 89.74541, -6.480412, 0.3021004, 5.489483
38436, 89.76351, -6.478462, 0.3023456, 5.470131
38436, 89.78394, -6.4767, 0.302348, 5.452169
38436, 89.80106, -6.474673, 0.3023886, 5.431911
38436, 89.8381, -6.472424, 0.3027454, 5.398054
38436, 89.85708, -6.470841, 0.302785, 5.37756
38436, 89.87543, -6.469419, 0.3026965, 5.358662
38436, 89.90852, -6.466675, 0.3026252, 5.325014
38436, 89.94375, -6.464352, 0.3026127, 5.291382
38436, 89.97825, -6.462362, 0.3027148, 5.256653
38436, 90.01091, -6.461469, 0.3023975, 5.222185
38436, 90.03, -6.461222, 0.3021425, 5.205338
38436, 90.04861, -6.461359, 0.3021103, 5.186045
38436, 90.08092, -6.461563, 0.3021324, 5.151562
38436, 90.09837, -6.461394, 0.3021342, 5.135071
38436, 90.11562, -6.461014, 0.3018973, 5.11766
38436, 90.1507, -6.461051, 0.3019431, 5.084292
38436, 90.1709, -6.461464, 0.3021827, 5.065608
38436, 90.20652, -6.461964, 0.3023217, 5.030786
38436, 90.22585, -6.462193, 0.3024679, 5.010136
38436, 90.24323, -6.462432, 0.302469, 4.990905
38436, 90.2766, -6.462574, 0.3024527, 4.957909
38436, 90.34232, -6.463516, 0.3019174, 4.892314
38436, 90.3738, -6.464017, 0.3016983, 4.859766
38436, 90.40967, -6.464277, 0.3021011, 4.828275
38436, 90.43204, -6.464689, 0.3021544, 4.807827
38436, 90.45002, -6.465026, 0.3019518, 4.785727
38436, 90.4707, -6.465379, 0.3017622, 4.767892
38436, 90.48837, -6.466064, 0.3017917, 4.747231
38436, 90.50639, -6.466312, 0.3017996, 4.729694
38436, 90.52412, -6.466647, 0.3017628, 4.711805
38436, 90.55711, -6.467105, 0.301563, 4.678112
38436, 90.5739, -6.467091, 0.3016136, 4.661901
38436, 90.60868, -6.46771, 0.3018827, 4.630259
38436, 90.62677, -6.467866, 0.3021181, 4.611184
38436, 90.64455, -6.468188, 0.3021798, 4.593226
38436, 90.67905, -6.468777, 0.3023385, 4.561194
38436, 90.69796, -6.46913, 0.3024447, 4.541758
38436, 90.71628, -6.469432, 0.3022814, 4.523229
38436, 90.733, -6.469862, 0.3022767, 4.505056
38436, 90.75045, -6.470303, 0.3022997, 4.488483
38436, 90.76721, -6.47077, 0.3023055, 4.47114
38436, 90.79811, -6.471341, 0.3022343, 4.439683
38436, 90.82954, -6.472066, 0.3048949, 4.408876
38436, 90.86149, -6.47283, 0.3062841, 4.377866
38436, 90.88277, -6.473266, 0.3063561, 4.361759
38436, 90.90029, -6.473798, 0.3063934, 4.340619
38436, 90.92056, -6.474192, 0.3064754, 4.323425
38436, 90.94119, -6.474926, 0.3064818, 4.303265
38436, 90.95998, -6.475667, 0.3062946, 4.282794
38436, 90.99236, -6.476804, 0.3056226, 4.247953
38436, 91.02485, -6.477849, 0.3057311, 4.215676
38436, 91.0427, -6.478347, 0.3058029, 4.199922
38436, 91.0732, -6.479394, 0.3058221, 4.167863
38436, 91.10461, -6.480177, 0.3057882, 4.136767
38436, 91.12364, -6.480692, 0.305763, 4.12083
38436, 91.16063, -6.482166, 0.3056874, 4.083298
38436, 91.1794, -6.482764, 0.3057134, 4.065109
38436, 91.21447, -6.484378, 0.305788, 4.030518
38436, 91.23408, -6.485065, 0.3057755, 4.011518
38436, 91.25276, -6.485977, 0.3058394, 3.991969
38436, 91.2697, -6.48689, 0.3058786, 3.973385
38436, 91.30074, -6.48825, 0.305998, 3.941754
38436, 91.31752, -6.489125, 0.3059987, 3.925664
38436, 91.33793, -6.490084, 0.3060177, 3.908945
38436, 91.37431, -6.491837, 0.3060018, 3.872866
38436, 91.39174, -6.49289, 0.3061119, 3.852406
38436, 91.40879, -6.493766, 0.3061004, 3.835035
38436, 91.44261, -6.49547, 0.3060429, 3.801744
38436, 91.47645, -6.497503, 0.3058465, 3.768385
38436, 91.49526, -6.498543, 0.3059068, 3.750636
38436, 91.52973, -6.500574, 0.3059025, 3.715453
38436, 91.54935, -6.501676, 0.3059115, 3.697661
38436, 91.56855, -6.502851, 0.3058268, 3.678061
38436, 91.6031, -6.505282, 0.306006, 3.643274
38436, 91.6198, -6.506577, 0.3059611, 3.624264
38436, 91.63919, -6.507621, 0.3059726, 3.607602
38436, 91.65616, -6.508907, 0.3059831, 3.588251
38436, 91.67805, -6.510213, 0.3059775, 3.571279
38436, 91.7114, -6.513291, 0.3059288, 3.532686
38436, 91.72881, -6.514637, 0.3059515, 3.515845
38436, 91.74556, -6.515823, 0.3058578, 3.498536
38436, 91.76267, -6.517245, 0.3058221, 3.48178
38436, 91.79724, -6.519944, 0.3058153, 3.449044
38436, 91.81802, -6.52196, 0.3057584, 3.4299
38436, 91.83877, -6.523957, 0.3057849, 3.409118
38436, 91.85916, -6.526067, 0.3057864, 3.388345
38436, 91.87841, -6.527892, 0.3058183, 3.368108
38436, 91.91149, -6.531945, 0.3057917, 3.332678
38436, 91.92992, -6.53398, 0.3057706, 3.315841
38436, 91.94807, -6.536367, 0.3057109, 3.297529
38436, 91.96564, -6.538558, 0.3057091, 3.279584
38436, 91.98689, -6.541278, 0.305683, 3.262218
38436, 92.0218, -6.541919, 0.3057479, 3.262659
38436, 92.05193, -6.543039, 0.305787, 3.263073
38436, 92.08823, -6.544726, 0.3060023, 3.263084
38436, 92.10838, -6.545912, 0.3059138, 3.263463
38436, 92.14138, -6.547635, 0.3057816, 3.264381
38436, 92.15912, -6.548806, 0.3056563, 3.265076
38436, 92.17826, -6.549472, 0.3056594, 3.265391
38436, 92.19671, -6.55142, 0.3056007, 3.265735
38436, 92.21419, -6.553158, 0.3055564, 3.266337
38436, 92.23172, -6.554044, 0.3055618, 3.266689
38436, 92.26425, -6.557156, 0.3054858, 3.267533
38436, 92.2968, -6.55992, 0.3052205, 3.268851
38436, 92.33573, -6.564603, 0.3047825, 3.270329
38436, 92.36743, -6.566865, 0.3043793, 3.271188
38436, 92.40371, -6.571294, 0.3032321, 3.272975
38436, 92.4358, -6.574344, 0.3027294, 3.273914
38436, 92.46817, -6.576237, 0.3025317, 3.274227
38436, 92.4868, -6.578022, 0.3024625, 3.274363
38436, 92.50445, -6.579487, 0.3024678, 3.274382
38436, 92.52343, -6.580345, 0.3024144, 3.274314
38436, 92.54414, -6.581463, 0.3027955, 3.274032
38436, 92.56336, -6.582632, 0.3034674, 3.273303
38436, 92.59776, -6.584378, 0.3042023, 3.271748
38436, 92.61649, -6.584927, 0.3043568, 3.270693
38436, 92.63491, -6.585266, 0.3042914, 3.270085
38436, 92.66685, -6.586277, 0.3036653, 3.268249
38436, 92.69936, -6.587003, 0.3036643, 3.265721
38436, 92.71791, -6.587259, 0.3035036, 3.264015
38436, 92.73674, -6.587274, 0.3036547, 3.262348
38436, 92.76833, -6.587354, 0.3037489, 3.260833
38436, 92.8006, -6.587416, 0.3048234, 3.258581
38436, 92.81737, -6.587626, 0.3056655, 3.257031
38436, 92.84914, -6.587779, 0.3061474, 3.255022
38436, 92.8818, -6.587761, 0.3060659, 3.253466
38436, 92.90125, -6.587806, 0.306132, 3.252945
38436, 92.9187, -6.587599, 0.3061527, 3.252269
38436, 92.93628, -6.587598, 0.306209, 3.251393
38436, 92.97012, -6.587774, 0.3063451, 3.250154
38436, 93.04039, -6.58766, 0.30681, 3.248801
38436, 93.10471, -6.586836, 0.3068817, 3.248587
38436, 93.12341, -6.586858, 0.3069335, 3.248433
38436, 93.15936, -6.586164, 0.3072219, 3.248492
38436, 93.17647, -6.585873, 0.3072913, 3.248761
38436, 93.21282, -6.585036, 0.3073881, 3.248814
38436, 93.24393, -6.584445, 0.3075318, 3.248458
38436, 93.28126, -6.583616, 0.3078937, 3.247718
38436, 93.33335, -6.582208, 0.3080109, 3.247377
38436, 93.36481, -6.581535, 0.3083498, 3.246778
38436, 93.38181, -6.580958, 0.3086588, 3.246571
38436, 93.41759, -6.579938, 0.3088677, 3.246927
38436, 93.45132, -6.579318, 0.3093735, 3.247355
38436, 93.46921, -6.578913, 0.3096964, 3.247986
38436, 93.48732, -6.578856, 0.3098291, 3.248245
38436, 93.50694, -6.578921, 0.3099448, 3.24896
38436, 93.52612, -6.578985, 0.3099387, 3.249858
38436, 93.54469, -6.579112, 0.3099449, 3.25039
38436, 93.56513, -6.579095, 0.3098838, 3.251762
38436, 93.583, -6.579256, 0.3095918, 3.253236
38436, 93.59975, -6.578926, 0.3094018, 3.254459
38436, 93.63289, -6.578521, 0.3088604, 3.258636
38436, 93.65301, -6.578427, 0.3085702, 3.260912
38436, 93.67561, -6.578461, 0.3082816, 3.263139
38436, 93.69352, -6.578411, 0.3078132, 3.265821
38436, 93.7293, -6.578515, 0.3073542, 3.270082
38436, 93.7477, -6.578875, 0.3083314, 3.273067
38436, 93.76455, -6.57907, 0.3086047, 3.274538
38436, 93.78136, -6.578721, 0.3091522, 3.278196
38436, 93.79812, -6.578591, 0.3093446, 3.279985
38436, 93.81645, -6.578487, 0.3093698, 3.283414
38436, 93.83421, -6.578525, 0.3093159, 3.285073
38436, 93.86517, -6.578517, 0.3089653, 3.290125
38436, 93.89859, -6.578234, 0.3082761, 3.294932
38436, 93.93188, -6.577981, 0.3083106, 3.299693
38436, 93.94865, -6.577744, 0.3086736, 3.302823
38436, 93.96554, -6.577664, 0.3088042, 3.304468
38436, 93.99847, -6.577492, 0.3096224, 3.308686
38436, 94.016, -6.57773, 0.3099701, 3.311312
38436, 94.0329, -6.577739, 0.3100154, 3.31266
38436, 94.06654, -6.57778, 0.3098115, 3.316448
38436, 94.08566, -6.57781, 0.3095306, 3.31905
38436, 94.10234, -6.577884, 0.3093312, 3.321662
38436, 94.11917, -6.577911, 0.3092059, 3.322998
38436, 94.13764, -6.577802, 0.3087773, 3.325495
38436, 94.15536, -6.57778, 0.3086072, 3.326727
38436, 94.17207, -6.577913, 0.3082509, 3.328941
38436, 94.18973, -6.577955, 0.3080549, 3.330016
38436, 94.24248, -6.578363, 0.3076876, 3.334702
38436, 94.27529, -6.57889, 0.3076455, 3.336788
38436, 94.2942, -6.579339, 0.3078241, 3.337801
38436, 94.31333, -6.579896, 0.3080702, 3.33863
38436, 94.33131, -6.580221, 0.3082083, 3.33897
38436, 94.36182, -6.581226, 0.308636, 3.339833
38436, 94.37907, -6.581539, 0.3087932, 3.340011
38436, 94.41161, -6.582831, 0.3092154, 3.340364
38436, 94.44279, -6.583853, 0.3092081, 3.340405
38436, 94.47587, -6.58517, 0.3091154, 3.340007
38436, 94.49429, -6.586117, 0.3088508, 3.339471
38436, 94.51102, -6.586616, 0.3086864, 3.339144
38436, 94.52813, -6.58762, 0.3082231, 3.338348
38436, 94.57962, -6.590268, 0.3085732, 3.335826
38436, 94.59689, -6.59085, 0.3087216, 3.335224
38436, 94.73038, -6.597435, 0.3094174, 3.328038
38436, 94.76525, -6.598919, 0.3094534, 3.326602
38436, 94.78319, -6.60011, 0.3092731, 3.325635
38436, 94.80207, -6.601491, 0.3088949, 3.32451
38436, 94.8327, -6.602833, 0.3087822, 3.323439
38436, 94.87389, -6.605547, 0.3085821, 3.321422
38436, 94.92626, -6.609268, 0.3076234, 3.31864
38436, 94.943, -6.609707, 0.3075766, 3.318164
38436, 95.04377, -6.615479, 0.3077449, 3.31336
38436, 95.06151, -6.616622, 0.3079082, 3.312625
38436, 95.07833, -6.617294, 0.3080441, 3.312244
38436, 95.11147, -6.619108, 0.3084656, 3.311549
38436, 95.14278, -6.62034, 0.3085284, 3.311253
38436, 95.17875, -6.621871, 0.3082265, 3.311536
38436, 95.21219, -6.622377, 0.30768, 3.312222
38436, 95.23012, -6.62246, 0.3073897, 3.312425
38436, 95.26261, -6.621768, 0.3065676, 3.313528
38436, 95.27987, -6.620962, 0.3062891, 3.314366
38436, 95.29745, -6.620594, 0.3063067, 3.314837
38436, 95.31774, -6.618895, 0.3062939, 3.316059
38436, 95.35635, -6.615413, 0.3065441, 3.319242
38436, 95.37414, -6.614814, 0.3065603, 3.320052
38436, 95.40663, -6.611884, 0.306101, 3.323197
38436, 95.44115, -6.609023, 0.3053524, 3.326854
38436, 95.4737, -6.606602, 0.3068146, 3.331052
38436, 95.50512, -6.604004, 0.3075275, 3.335011
38436, 95.5388, -6.601661, 0.3079861, 3.338773
38436, 95.5709, -6.599109, 0.3081027, 3.342369
38436, 95.58904, -6.598289, 0.3080522, 3.343427
38436, 95.60586, -6.596961, 0.3077403, 3.345416
38436, 95.62281, -6.596321, 0.3076504, 3.346385
38436, 95.64201, -6.594934, 0.3075525, 3.34832
38436, 95.67437, -6.592968, 0.3074815, 3.350827
38436, 95.69124, -6.591738, 0.3074734, 3.352314
38436, 95.70933, -6.591037, 0.3075386, 3.353042
38436, 95.7416, -6.588722, 0.3075882, 3.355312
38436, 95.77605, -6.586434, 0.3077173, 3.357345
38436, 95.81215, -6.58347, 0.3079872, 3.359595
38436, 95.83073, -6.582684, 0.3079484, 3.360188
38436, 95.84741, -6.581183, 0.3081694, 3.361229
38436, 95.86501, -6.580519, 0.3083227, 3.36173
38436, 95.89993, -6.578382, 0.3085713, 3.363224
38436, 95.93394, -6.575267, 0.3090654, 3.365523
38436, 95.96683, -6.573646, 0.30917, 3.366637
38436, 95.98428, -6.572028, 0.3092235, 3.367797
38436, 96.03511, -6.56792, 0.3093203, 3.370994
38436, 96.052, -6.567064, 0.3094139, 3.371644
38436, 96.07178, -6.565232, 0.3096184, 3.373019
38436, 96.08894, -6.564289, 0.3096617, 3.373741
38436, 96.11988, -6.561362, 0.309759, 3.37597
38436, 96.15674, -6.55752, 0.3096523, 3.378931
38436, 96.17487, -6.556541, 0.3096111, 3.37975
38436, 96.19157, -6.554815, 0.3095537, 3.381207
38436, 96.2093, -6.5539, 0.3094777, 3.381979
38436, 96.29086, -6.548255, 0.3085887, 3.387554
38436, 96.30846, -6.547673, 0.3084325, 3.388125
38436, 96.32745, -6.546679, 0.3083713, 3.38909
38436, 96.34494, -6.545945, 0.3085634, 3.389961
38436, 96.37647, -6.545329, 0.3087157, 3.390661
38436, 96.3938, -6.544816, 0.3089669, 3.39128
38436, 96.42448, -6.544239, 0.3093145, 3.391895
38436, 96.45338, -6.544035, 0.3093841, 3.392073
38436, 96.47065, -6.543754, 0.3092782, 3.392275
38436, 96.50304, -6.543105, 0.3088659, 3.392396
38436, 96.536, -6.542616, 0.3089176, 3.392364
38436, 96.56944, -6.542459, 0.3087956, 3.391939
38436, 96.58984, -6.542434, 0.309186, 3.391628
38436, 96.62193, -6.542179, 0.3092448, 3.39126
38436, 96.63936, -6.541659, 0.3093867, 3.390988
38436, 96.70551, -6.540627, 0.3097902, 3.390118
38436, 96.76617, -6.540583, 0.3095406, 3.389109
38436, 96.80068, -6.540586, 0.3098262, 3.388238
38436, 96.90054, -6.542627, 0.3104928, 3.386888
38436, 96.91913, -6.542692, 0.3105062, 3.386784
38436, 96.94038, -6.543267, 0.3103164, 3.386544
38436, 96.95886, -6.543868, 0.3099392, 3.386113
38436, 97.00806, -6.545093, 0.3095014, 3.38561
38436, 97.02629, -6.545103, 0.3096176, 3.385682
38436, 97.07401, -6.544834, 0.3091058, 3.38581
38436, 97.14199, -6.542897, 0.308382, 3.385496
38436, 97.21446, -6.539699, 0.3086649, 3.385283
38436, 97.24525, -6.538882, 0.308793, 3.385091
38436, 97.26624, -6.538779, 0.3088011, 3.385015
38436, 97.33369, -6.537467, 0.3086858, 3.385115
38436, 97.38876, -6.536567, 0.3081703, 3.38555
38436, 97.40897, -6.535946, 0.3080334, 3.385746
38436, 97.42704, -6.535636, 0.3078946, 3.385909
38436, 97.48936, -6.534494, 0.3073102, 3.385526
38436, 97.57605, -6.53355, 0.3073898, 3.385211
38436, 97.63202, -6.533403, 0.3076669, 3.384713
38436, 97.65081, -6.533415, 0.3075347, 3.38447
38436, 97.74033, -6.533615, 0.3080524, 3.383744
38436, 97.75862, -6.533856, 0.3082716, 3.38337
38436, 97.79102, -6.534119, 0.3089294, 3.383202
38436, 97.80872, -6.534115, 0.3091261, 3.383267
38436, 97.84563, -6.53405, 0.3098894, 3.383114
38436, 97.88019, -6.534686, 0.3105988, 3.382726
38436, 97.89752, -6.534922, 0.3107675, 3.382685
38436, 97.91677, -6.535243, 0.3112323, 3.382668
38436, 97.93369, -6.535573, 0.3112444, 3.382791
38436, 97.96553, -6.535831, 0.3113651, 3.382881
38436, 98.03275, -6.536988, 0.3117222, 3.383441
38436, 98.05221, -6.537396, 0.3119761, 3.38372
38436, 98.10049, -6.538069, 0.312942, 3.384729
38436, 98.11949, -6.538108, 0.3130993, 3.384885
38436, 98.15721, -6.538691, 0.3134862, 3.385286
38436, 98.17465, -6.538811, 0.3135177, 3.385439
38436, 98.27233, -6.54033, 0.312579, 3.386453
38436, 98.42753, -6.543269, 0.3124567, 3.388598
38436, 98.4442, -6.54378, 0.3125561, 3.389034
38436, 98.47536, -6.543967, 0.3124219, 3.389421
38436, 98.53975, -6.544895, 0.3121547, 3.390621
38436, 98.55648, -6.545243, 0.3121524, 3.39114
38436, 98.58856, -6.545647, 0.3124327, 3.391983
38436, 98.65611, -6.546236, 0.3126012, 3.392955
38436, 98.67282, -6.546618, 0.3125074, 3.393055
38436, 98.72189, -6.547066, 0.3125107, 3.394045
38436, 98.73868, -6.546921, 0.3125779, 3.394299
38436, 98.82499, -6.54754, 0.3123899, 3.39495
38436, 98.87325, -6.547541, 0.3123083, 3.39497
38436, 98.89354, -6.547606, 0.3125113, 3.395003
38436, 98.91423, -6.547564, 0.3124269, 3.394959
38436, 98.94595, -6.547158, 0.312385, 3.394939
38436, 98.96383, -6.547334, 0.3124655, 3.394866
38436, 98.98274, -6.547037, 0.3123156, 3.394909
38436, 99.08788, -6.546553, 0.3122027, 3.395288
38436, 99.10793, -6.54671, 0.3122783, 3.39535
38436, 99.2011, -6.545936, 0.3118898, 3.395723
38436, 99.42106, -6.546699, 0.3120125, 3.395383
38436, 99.438, -6.546379, 0.3124581, 3.395473
38436, 99.45609, -6.546129, 0.3127505, 3.395463
38436, 99.49664, -6.546041, 0.3130669, 3.395111
38436, 99.60062, -6.54564, 0.3135204, 3.393973
38436, 99.63595, -6.545, 0.3136801, 3.393695
38436, 99.72655, -6.544212, 0.3139898, 3.392292
38436, 99.74371, -6.544059, 0.3139925, 3.39186
38436, 99.79453, -6.543715, 0.3143121, 3.39132
38436, 99.8113, -6.543706, 0.3144256, 3.39091
38436, 99.86292, -6.543525, 0.314659, 3.390256
38436, 99.89955, -6.542917, 0.3145021, 3.3896
38436, 99.92109, -6.542499, 0.3145676, 3.389376
38436, 99.93891, -6.542399, 0.314585, 3.389229
38436, 99.9556, -6.54189, 0.3145791, 3.388928
38436, 99.98949, -6.541186, 0.3147659, 3.388635
38436, 100.1282, -6.539857, 0.3148444, 3.387168
38436, 100.1661, -6.539991, 0.3150778, 3.386845
38436, 100.2964, -6.540134, 0.3151266, 3.387022
38436, 100.518, -6.542267, 0.3147163, 3.38822
38436, 100.5555, -6.542952, 0.314597, 3.388273
38436, 100.7854, -6.544168, 0.3143386, 3.387775
38436, 100.9043, -6.54352, 0.3142272, 3.38706
38436, 100.9218, -6.543574, 0.3140385, 3.386773
38436, 101.1275, -6.543254, 0.314254, 3.386381
38436, 101.1451, -6.543002, 0.3141556, 3.386637
38436, 101.8599, -6.543467, 0.3130344, 3.388347
38436, 101.8778, -6.543518, 0.3128588, 3.388193
38436, 101.9097, -6.54319, 0.3127699, 3.38828
38436, 101.9428, -6.542953, 4.234726, 3.388313
38436, 101.9743, -6.542951, 4.312671, 3.388265
38436, 102.0048, -6.542943, 4.312889, 3.388169
38436, 102.0226, -6.542881, 4.312951, 3.388323
38436, 102.4827, -6.545009, 4.313015, 3.388709
38436, 102.5001, -6.545269, 4.313082, 3.388791
38436, 102.5975, -6.545558, 4.313138, 3.388855
38436, 102.6142, -6.545476, 4.313038, 3.388799
38436, 102.6669, -6.545845, 4.31293, 3.388564
38436, 102.6862, -6.546004, 4.312936, 3.388686
38436, 102.7199, -6.546725, 4.312978, 3.388202
38436, 102.7513, -6.547202, 4.31293, 3.386693
38436, 102.7682, -6.547606, 4.312937, 3.38538
38436, 102.7857, -6.548312, 4.312904, 3.383239
38436, 102.8042, -6.549291, 4.312935, 3.380266
38436, 102.8227, -6.55053, 4.312919, 3.376234
38436, 102.842, -6.551942, 4.312881, 3.371167
38436, 102.8592, -6.553569, 4.312885, 3.36484
38436, 102.876, -6.55533, 4.312945, 3.35812
38436, 102.909, -6.558846, 4.3129, 3.342232
38436, 102.9455, -6.562708, 4.31292, 3.320624
38436, 102.9621, -6.56528, 4.31287, 3.304696
38436, 102.9805, -6.567668, 4.312815, 3.29019
38436, 102.9986, -6.570376, 4.312768, 3.272844
38436, 103.0155, -6.573021, 4.31276, 3.254878
38436, 103.0323, -6.575616, 4.312732, 3.238076
38436, 103.0508, -6.578147, 4.312706, 3.22141
38436, 103.0678, -6.58098, 4.312728, 3.203041
38436, 103.1021, -6.585764, 4.312855, 3.171567
38436, 103.1195, -6.58863, 4.312773, 3.152304
38436, 103.1769, -6.589062, 4.312778, 3.152477
38436, 103.2277, -6.589647, 4.312505, 3.152893
38436, 103.4421, -6.592546, 4.312302, 3.155733
38436, 103.5397, -6.593274, 4.312262, 3.156355
38436, 103.557, -6.593562, 4.31239, 3.156501
38436, 103.5751, -6.593699, 4.312346, 3.156346
38436, 103.6702, -6.593788, 4.312097, 3.156022
38436, 103.9009, -6.594912, 4.312744, 3.154379
38436, 103.9667, -6.59582, 4.313219, 3.154204
38436, 103.9991, -6.595826, 4.313274, 3.154096
38436, 104.0175, -6.596105, 4.313303, 3.153962
38436, 104.1184, -6.596749, 4.314163, 3.153647
38436, 104.1491, -6.597624, 4.31492, 3.153412
38436, 104.2352, -6.59859, 4.315491, 3.152874
38436, 104.3208, -6.599287, 4.315344, 3.152187
38436, 104.3394, -6.599272, 4.315332, 3.152144
38436, 104.3576, -6.599385, 4.315279, 3.151953
38436, 104.4791, -6.598429, 4.315023, 3.151169
38436, 104.4973, -6.598028, 4.315106, 3.151179
38436, 104.5143, -6.598015, 4.315234, 3.151159
38436, 104.5522, -6.597612, 4.315275, 3.150842
38436, 104.5725, -6.597586, 4.315364, 3.150788
38436, 104.6063, -6.597149, 4.315248, 3.150545
38436, 104.6407, -6.597205, 4.315337, 3.150356
38436, 104.6598, -6.596958, 4.315348, 3.150286
38436, 104.9941, -6.595969, 4.315057, 3.150109
38436, 105.0257, -6.595611, 4.315, 3.150388
38436, 105.0433, -6.595597, 4.315101, 3.15046
38436, 105.1673, -6.595155, 4.314788, 3.151125
38436, 105.1999, -6.594999, 4.315003, 3.151485
38436, 105.2184, -6.59494, 4.314869, 3.151412
38436, 105.5271, -6.595961, 4.3149, 3.152756
38436, 105.6718, -6.596277, 4.314546, 3.152829
38436, 105.6923, -6.596492, 4.314609, 3.152779
38436, 105.8039, -6.596939, 4.314867, 3.152589
38436, 105.8254, -6.59679, 4.314922, 3.152601
38436, 105.8422, -6.596934, 4.314965, 3.152501
38436, 105.8734, -6.59673, 4.314926, 3.152562
38436, 106.0056, -6.597279, 4.314614, 3.152594
38436, 106.0234, -6.597538, 4.314718, 3.152655
38436, 106.0447, -6.597798, 4.314624, 3.152562
38436, 106.2543, -6.598794, 4.314513, 3.152423
38436, 106.2857, -6.598596, 4.314592, 3.15257
38436, 106.318, -6.59863, 4.314319, 3.152381
38436, 106.4227, -6.598429, 4.314352, 3.152355
38436, 106.441, -6.598368, 4.314055, 3.152237
38436, 106.4748, -6.598466, 4.314166, 3.152239
38436, 106.5088, -6.598186, 4.313966, 3.152149
38436, 106.5678, -6.598196, 4.314215, 3.151945
38436, 106.5862, -6.598314, 4.314176, 3.151706
38436, 106.6032, -6.598319, 4.314381, 3.151737
38436, 106.6606, -6.598171, 4.314307, 3.151545
38436, 106.678, -6.598368, 4.314268, 3.151423
38436, 106.6974, -6.598449, 4.314211, 3.151465
38436, 106.8356, -6.599208, 4.313924, 3.151461
38436, 106.9216, -6.598782, 4.31363, 3.151869
38436, 106.9401, -6.598692, 4.313858, 3.152045
38436, 107.0433, -6.598045, 4.313563, 3.152524
38436, 107.0622, -6.598131, 4.313668, 3.152746
38436, 107.0824, -6.597929, 4.313593, 3.152896
38436, 107.1001, -6.597911, 4.313445, 3.152788
38436, 107.1531, -6.597451, 4.31326, 3.152956
38436, 107.1718, -6.597573, 4.313125, 3.152975
38436, 107.4295, -6.597341, 4.31321, 3.153593
38436, 107.7166, -6.598883, 4.312567, 3.154277
38436, 107.7347, -6.5991, 4.312652, 3.154202
38436, 107.9916, -6.598795, 4.312481, 3.153965
38436, 108.0084, -6.59893, 4.312554, 3.1538
38436, 108.0403, -6.598927, 4.312699, 3.153773
38436, 108.0874, -6.598747, 4.312678, 3.153796
38436, 108.1196, -6.598807, 4.312916, 3.153535
38436, 108.1515, -6.598784, 4.313258, 3.153652
38436, 108.1715, -6.598745, 4.313242, 3.153597
38436, 108.2025, -6.59868, 4.313632, 3.153459
38436, 108.2511, -6.598197, 4.31402, 3.152966
38436, 108.269, -6.598294, 4.314018, 3.152744
38436, 108.3381, -6.598545, 4.314482, 3.152118
38436, 108.4924, -6.598075, 4.31453, 3.151256
38436, 108.5111, -6.598125, 4.314856, 3.151166
38436, 108.5672, -6.597825, 4.315045, 3.150849
38436, 108.6052, -6.597439, 4.315279, 3.150818
38436, 108.6225, -6.597451, 4.315292, 3.150639
38436, 108.6427, -6.597199, 4.315243, 3.150651
38436, 108.7112, -6.597232, 4.315353, 3.150328
38436, 108.7283, -6.597459, 4.315301, 3.150316
38436, 108.7936, -6.597187, 4.315382, 3.150284
38436, 108.8114, -6.597081, 4.315226, 3.150219
38436, 108.8299, -6.597156, 4.31531, 3.150225
38436, 108.897, -6.59686, 4.315253, 3.150318
38436, 108.9304, -6.59699, 4.315009, 3.150319
38436, 108.9634, -6.596247, 4.314652, 3.150464
38436, 109.0141, -6.595797, 4.314287, 3.150732
38436, 109.0999, -6.594498, 4.313136, 3.151268
38436, 109.23, -6.592675, 4.312776, 3.151958
38436, 109.2802, -6.592274, 4.312625, 3.152229
38436, 109.2994, -6.592054, 4.312636, 3.152525
38436, 110.3862, -6.591665, 4.311155, 3.154608
38436, 110.4046, -6.591885, 4.311014, 3.154551
38436, 110.6701, -6.592164, 4.310729, 3.154131
38436, 110.6886, -6.59218, 4.310557, 3.153993
38436, 110.8489, -6.591847, 4.31041, 3.153512
38436, 110.8658, -6.591578, 4.310438, 3.153449
38436, 110.9334, -6.591502, 4.310309, 3.152943
38436, 110.9525, -6.59163, 4.310157, 3.152837
38436, 110.9698, -6.591549, 4.310062, 3.152818
38436, 110.9894, -6.591544, 4.309787, 3.152616
38436, 111.0107, -6.591286, 4.309357, 3.152542
38436, 111.0424, -6.590848, 4.308444, 3.152192
38436, 111.0604, -6.590373, 4.307918, 3.152086
38436, 111.1688, -6.589199, 4.30758, 3.151777
38436, 111.2004, -6.588964, 4.307871, 3.151732
38436, 111.4899, -6.590055, 4.308668, 3.151236
38436, 111.5081, -6.589933, 4.308772, 3.151235
38436, 112.1631, -6.590582, 4.310092, 3.149021
38436, 112.3262, -6.591985, 4.31252, 3.148696
38436, 112.8108, -6.591997, 4.312059, 3.150125
38436, 112.8299, -6.592078, 4.311996, 3.150402
38436, 112.8491, -6.591951, 4.31198, 3.150742
38436, 112.8814, -6.591988, 4.312034, 3.150955
38436, 113.0293, -6.592129, 4.311708, 3.152583
38436, 113.0472, -6.592313, 4.311708, 3.15265
38436, 113.3025, -6.593265, 4.311401, 3.155179
38436, 113.5027, -6.594449, 4.311425, 3.156098
38436, 114.9972, -6.596884, 4.31335, 3.150661
38436, 115.1279, -6.597043, 4.315713, 3.150618
38436, 115.2165, -6.596793, 4.316053, 3.149856
38436, 115.236, -6.596895, 4.315997, 3.149629
38436, 115.2673, -6.596876, 4.315946, 3.149567
38436, 115.3183, -6.596011, 4.315633, 3.149395
38436, 115.3887, -6.595533, 4.315469, 3.149461
38436, 115.4071, -6.595147, 4.315579, 3.14953
38436, 115.4239, -6.595047, 4.315602, 3.149567
38436, 115.5193, -6.593974, 4.315427, 3.150025
38436, 115.6427, -6.593616, 4.315631, 3.150841
38436, 115.683, -6.59324, 4.315736, 3.15139
38436, 115.7164, -6.593288, 4.315943, 3.151706
38436, 115.755, -6.593011, 4.316092, 3.152172
38436, 115.7734, -6.592964, 4.315889, 3.152293
38436, 116.2173, -6.593199, 4.314682, 3.155986
38436, 116.2366, -6.593363, 4.314768, 3.156049
38436, 116.3103, -6.593549, 4.316182, 3.156355
38436, 116.3284, -6.593835, 4.317076, 3.156357
38436, 116.3477, -6.593729, 4.317673, 3.156448
38436, 116.3821, -6.593755, 4.318161, 3.156213
38436, 116.4753, -6.593818, 4.31847, 3.156435
38436, 116.4929, -6.594184, 4.318641, 3.156406
38436, 116.5285, -6.594492, 4.31837, 3.156474
38436, 116.7862, -6.595203, 4.318019, 3.156636
38436, 116.8034, -6.595347, 4.317924, 3.156508
38436, 116.8347, -6.595308, 4.317869, 3.156553
38436, 116.8751, -6.595576, 4.318148, 3.15657
38436, 116.896, -6.595814, 4.318809, 3.156448
38436, 116.9134, -6.595895, 4.319672, 3.15639
38436, 116.9314, -6.595748, 4.320065, 3.156294
38436, 116.9627, -6.595851, 4.321031, 3.155984
38436, 116.983, -6.595933, 4.32118, 3.15572
38436, 117.0012, -6.596001, 4.321191, 3.155632
38436, 117.0182, -6.596198, 4.321148, 3.155348
38436, 117.0715, -6.596925, 4.320923, 3.155328
38436, 117.0884, -6.596978, 4.3208, 3.155435
38436, 117.164, -6.597384, 4.320391, 3.155769
38436, 117.1956, -6.597011, 4.320534, 3.156087
38436, 117.4325, -6.596973, 4.320885, 3.155413
38436, 117.6217, -6.597248, 4.320824, 3.15351
38436, 117.6398, -6.597143, 8.24281, 3.15334
38436, 117.6574, -6.597242, 8.320852, 3.153097
38436, 117.7664, -6.597086, 8.320451, 3.152258
38436, 117.8017, -6.596907, 8.319904, 3.152032
38436, 117.8721, -6.597125, 8.319607, 3.151668
38436, 117.964, -6.596923, 8.318893, 3.15114
38436, 118.0162, -6.596457, 8.31802, 3.151078
38436, 118.0713, -6.596178, 8.316467, 3.150759
38436, 118.1047, -6.595827, 8.315228, 3.150885
38436, 118.1714, -6.595138, 8.311948, 3.151217
38436, 118.1882, -6.59502, 8.311574, 3.15135
38436, 118.2194, -6.594727, 8.310397, 3.15179
38436, 118.237, -6.594453, 8.309893, 3.152125
38436, 118.3062, -6.594189, 8.309628, 3.152655
38436, 118.3466, -6.594206, 8.310316, 3.152704
38436, 118.4332, -6.594033, 8.310359, 3.152578
38436, 118.4656, -6.594072, 8.31004, 3.152569
38436, 118.5005, -6.593987, 8.310094, 3.152591
38436, 118.5176, -6.594121, 8.310035, 3.152466
38436, 119.0307, -6.591877, 8.310422, 3.149771
38436, 119.4883, -6.5886, 8.309742, 3.147413
38436, 119.5196, -6.588732, 8.309752, 3.147437
38436, 119.6755, -6.588415, 8.309241, 3.148672
38436, 119.6927, -6.588495, 8.309117, 3.148949
38436, 119.7109, -6.588178, 8.30904, 3.149562
38436, 119.7435, -6.586616, 8.30882, 3.15229
38436, 119.7768, -6.583747, 8.308753, 3.156977
38436, 119.8101, -6.580016, 8.308643, 3.16338
38436, 119.8444, -6.575415, 8.308496, 3.172496
38436, 119.865, -6.572967, 8.308299, 3.178158
38436, 119.884, -6.569928, 8.308172, 3.185572
38436, 119.9019, -6.567037, 8.30808, 3.193093
38436, 119.9354, -6.561697, 8.307907, 3.208704
38436, 119.9552, -6.558976, 8.307919, 3.217704
38436, 119.9892, -6.553611, 8.307836, 3.238692
38436, 120.006, -6.550771, 8.307828, 3.251075
38436, 120.0402, -6.545196, 8.307716, 3.27536
38436, 120.0572, -6.54213, 8.307622, 3.290056
38436, 120.0748, -6.53907, 8.307567, 3.304458
38436, 120.0948, -6.535863, 8.307473, 3.320287
38436, 120.1161, -6.531751, 8.307393, 3.339268
38436, 120.1336, -6.52764, 8.30727, 3.3602
38436, 120.1711, -6.520662, 8.307112, 3.39402
38436, 120.2037, -6.513478, 8.306914, 3.429796
38436, 120.2219, -6.50988, 8.306827, 3.446874
38436, 120.2396, -6.506289, 8.306882, 3.46481
38436, 120.2587, -6.502704, 8.306877, 3.482372
38436, 120.2805, -6.498936, 8.306764, 3.501268
38436, 120.3125, -6.491357, 8.306702, 3.538827
38436, 120.3313, -6.488197, 8.306635, 3.554216
38436, 120.3672, -6.48139, 8.30666, 3.587554
38436, 120.3839, -6.477241, 8.306647, 3.607991
38436, 120.4044, -6.473997, 8.306692, 3.624454
38436, 120.425, -6.469945, 8.306682, 3.644658
38436, 120.444, -6.465919, 8.306666, 3.664908
38436, 120.4748, -6.4602, 8.306623, 3.697154
38436, 120.5058, -6.454393, 8.306622, 3.727816
38436, 120.5384, -6.448628, 8.306659, 3.758471
38436, 120.5694, -6.442101, 8.306641, 3.790524
38436, 120.6016, -6.436425, 8.306782, 3.820708
38436, 120.6331, -6.430176, 8.306849, 3.852295
38436, 120.6511, -6.427407, 8.306639, 3.868422
38436, 120.6691, -6.424311, 8.306627, 3.885936
38436, 120.7017, -6.417758, 8.306598, 3.919814
38436, 120.7377, -6.411439, 8.306622, 3.952667
38436, 120.7706, -6.404389, 8.306736, 3.98685
38436, 120.8041, -6.398261, 8.306814, 4.017523
38436, 120.8353, -6.391725, 8.306828, 4.050405
38436, 120.8671, -6.386007, 8.306644, 4.081818
38436, 120.9006, -6.379517, 8.306781, 4.11219
38436, 120.9193, -6.375828, 8.306748, 4.130379
38436, 120.937, -6.371921, 8.306784, 4.14869
38436, 120.9543, -6.368265, 8.306753, 4.166039
38436, 120.9753, -6.364713, 8.306758, 4.182808
38436, 121.0085, -6.357294, 8.30669, 4.218078
38436, 121.0256, -6.353572, 8.306578, 4.235486
38436, 121.0621, -6.34641, 8.306488, 4.268339
38436, 121.0954, -6.338607, 8.306596, 4.302965
38436, 121.1336, -6.330156, 8.306569, 4.338245
38436, 121.165, -6.32206, 8.30649, 4.372463
38436, 121.2005, -6.314354, 8.306514, 4.403838
38436, 121.2345, -6.306081, 8.307533, 4.43719
38436, 121.2513, -6.301493, 8.307479, 4.455421
38436, 121.2704, -6.297348, 8.307495, 4.471687
38436, 121.2883, -6.29266, 8.307528, 4.490228
38436, 121.3204, -6.284371, 8.307647, 4.523108
38436, 121.3391, -6.280443, 8.30673, 4.538756
38436, 121.3736, -6.271664, 8.30388, 4.572087
38436, 121.4074, -6.262602, 8.304119, 4.605661
38436, 121.4251, -6.257711, 8.304128, 4.623903
38436, 121.4791, -6.244053, 8.304055, 4.673989
38436, 121.4962, -6.23845, 8.304097, 4.69393
38436, 121.5146, -6.233729, 8.304025, 4.710833
38436, 121.5331, -6.228549, 8.30392, 4.728855
38436, 121.5536, -6.223292, 8.303846, 4.7468
38436, 121.5714, -6.217477, 8.303672, 4.766781
38436, 121.6082, -6.207862, 8.303581, 4.79953
38436, 121.6268, -6.201791, 8.303414, 4.819956
38436, 121.6465, -6.196265, 8.303209, 4.838087
38436, 121.6642, -6.190466, 8.303176, 4.857087
38436, 121.6849, -6.18496, 8.303152, 4.874388
38436, 121.7034, -6.178568, 8.30316, 4.894463
38436, 121.7207, -6.172938, 8.303102, 4.91218
38436, 121.7388, -6.167573, 8.303113, 4.928773
38436, 121.7581, -6.161835, 8.302995, 4.94628
38436, 121.7767, -6.155905, 8.30302, 4.964703
38436, 121.7942, -6.149997, 8.303084, 4.982706
38436, 121.8152, -6.144405, 8.303061, 4.999382
38436, 121.8342, -6.137505, 8.303053, 5.019589
38436, 121.8661, -6.126071, 8.303041, 5.052783
38436, 121.8856, -6.120761, 8.303011, 5.068112
38436, 121.9043, -6.114441, 8.303065, 5.086648
38436, 121.9211, -6.108253, 8.303073, 5.104428
38436, 121.9428, -6.102707, 8.303087, 5.120356
38436, 121.9597, -6.09542, 8.303056, 5.140952
38436, 121.9772, -6.089982, 8.30305, 5.156922
38436, 122.0107, -6.078754, 8.303113, 5.189436
38436, 122.0294, -6.073184, 8.303095, 5.205641
38436, 122.0967, -6.051022, 8.303178, 5.271249
38436, 122.1134, -6.045502, 8.303139, 5.287666
38436, 122.1301, -6.04004, 8.303047, 5.30357
38436, 122.1515, -6.034682, 8.302999, 5.319635
38436, 122.169, -6.027819, 8.303031, 5.340096
38436, 122.206, -6.016409, 8.303028, 5.374096
38436, 122.242, -6.005383, 8.302814, 5.407699
38436, 122.2738, -5.994373, 8.302847, 5.441054
38436, 122.3057, -5.984375, 8.302922, 5.471777
38436, 122.3258, -5.979292, 8.302765, 5.487761
38436, 122.3432, -5.97301, 8.302766, 5.506906
38436, 122.3603, -5.967478, 8.302706, 5.52373
38436, 122.3775, -5.962089, 8.302715, 5.540264
38436, 122.3948, -5.956742, 8.302753, 5.556567
38436, 122.4155, -5.951398, 8.302711, 5.573139
38436, 122.4341, -5.944966, 8.302592, 5.592957
38436, 122.4515, -5.939208, 8.302529, 5.610662
38436, 122.4696, -5.933835, 8.302499, 5.627358
38436, 122.4872, -5.928209, 8.302452, 5.644548
38436, 122.5238, -5.917538, 8.302364, 5.676778
38436, 122.5575, -5.906135, 8.302354, 5.711866
38436, 122.5744, -5.90062, 8.302365, 5.72849
38436, 122.6069, -5.890254, 8.302398, 5.759618
38436, 122.6244, -5.884964, 8.30234, 5.775544
38436, 122.6558, -5.874249, 8.302454, 5.807744
38436, 122.6744, -5.869486, 8.302461, 5.822094
38436, 122.7425, -5.847921, 8.302264, 5.887351
38436, 122.7772, -5.837103, 8.302366, 5.918959
38436, 122.8091, -5.826576, 8.302321, 5.950644
38436, 122.8446, -5.815804, 8.302312, 5.982467
38436, 122.8638, -5.809863, 8.302316, 6.000456
38436, 122.8811, -5.803703, 8.302368, 6.018646
38436, 122.9159, -5.792978, 8.302449, 6.050416
38436, 122.9479, -5.7819, 8.302354, 6.083373
38436, 122.9686, -5.776887, 8.302347, 6.098077
38436, 123.0036, -5.765355, 8.302283, 6.132324
38436, 123.0235, -5.759168, 8.302351, 6.150819
38436, 123.0419, -5.752926, 8.302338, 6.169723
38436, 123.0749, -5.742325, 8.302275, 6.201711
38436, 123.0934, -5.736683, 8.302308, 6.218399
38436, 123.1146, -5.7307, 8.302303, 6.235939
38436, 123.1457, -5.719198, 8.302258, 6.269781
38436, 123.1624, -5.71343, 8.302197, 6.285146
38436, 123.1945, -5.698653, 8.302264, 6.313534
38436, 123.2115, -5.686094, 8.302385, 6.324579
38436, 123.2291, -5.672687, 8.302382, 6.334861
38436, 123.2618, -5.644809, 8.302493, 6.353965
38436, 123.2912, -5.618187, 8.302595, 6.370402
38436, 123.3206, -5.592589, 8.302675, 6.384577
38436, 123.3551, -5.564426, 8.302606, 6.398868
38436, 123.375, -5.548025, 8.302639, 6.406932
38436, 123.4063, -5.515845, 8.302684, 6.419951
38436, 123.4396, -5.483625, 8.30262, 6.427714
38436, 123.4717, -5.45065, 8.302615, 6.433191
38436, 123.5033, -5.419151, 8.302619, 6.437712
38436, 123.5379, -5.402597, 8.302533, 6.439916
38436, 123.5696, -5.401618, 8.302696, 6.439981
38436, 123.6026, -5.400141, 8.302902, 6.439965
38436, 123.6193, -5.399636, 8.302979, 6.439902
38436, 123.64, -5.398671, 8.303026, 6.439745
38436, 123.6581, -5.398062, 8.303015, 6.439559
38436, 123.6773, -5.397104, 8.303162, 6.439429
38436, 123.7131, -5.395807, 8.303222, 6.43931
38436, 123.7311, -5.395307, 8.303238, 6.439363
38436, 123.764, -5.394101, 8.303308, 6.439171
38436, 123.7812, -5.393193, 8.303317, 6.439077
38436, 123.7985, -5.392867, 8.303343, 6.439055
38436, 123.8155, -5.392179, 8.303271, 6.439021
38436, 123.8494, -5.391308, 8.302935, 6.439066
38436, 123.8664, -5.391034, 8.302843, 6.439023
38436, 123.899, -5.390807, 8.302836, 6.439084
38436, 123.9167, -5.390537, 8.3029, 6.439226
38436, 123.949, -5.388988, 8.302822, 6.441191
38436, 123.9693, -5.387616, 8.302828, 6.443117
38436, 124.0016, -5.383229, 8.302879, 6.449255
38436, 124.0185, -5.380101, 8.302907, 6.45245
38436, 124.0393, -5.37492, 8.302713, 6.454786
38436, 124.0576, -5.366494, 8.302689, 6.456275
38436, 124.0746, -5.357668, 8.302648, 6.456641
38436, 124.1087, -5.337161, 8.30257, 6.455138
38436, 124.1422, -5.310508, 8.302413, 6.450163
38436, 124.1634, -5.294627, 8.30242, 6.446545
38436, 124.1843, -5.27415, 8.302342, 6.441404
38436, 124.2031, -5.253874, 8.302339, 6.436182
38436, 124.2373, -5.220938, 8.30218, 6.427822
38436, 124.2561, -5.20226, 8.302062, 6.42291
38436, 124.2924, -5.167938, 8.302135, 6.41394
38168, 70.39806, -6.639623, -0.3785594, 7.498189
38168, 70.41806, -6.639623, -0.2035598, 7.498189
38168, 73.41582, -6.639623, -0.2035599, 7.498189
38168, 73.43377, -6.639277, -0.2035598, 7.49808
38168, 73.45218, -6.63877, -0.2035598, 7.497743
38168, 73.47159, -6.63806, -0.2035598, 7.4971
38168, 73.48987, -6.637147, -0.2035598, 7.496054
38168, 73.50785, -6.636245, -0.2035598, 7.494594
38168, 73.52728, -6.635272, -0.2035598, 7.492701
38168, 73.54668, -6.63419, -0.2035598, 7.490057
38168, 73.58651, -6.631719, -0.2035598, 7.483214
38168, 73.60645, -6.630088, -0.2035598, 7.478307
38168, 73.62532, -6.628595, -0.2035598, 7.473023
38168, 73.64763, -6.627249, -0.2035598, 7.467301
38168, 73.67905, -6.624733, -0.2035598, 7.453809
38168, 73.69617, -6.623622, -0.2035598, 7.446936
38168, 73.71468, -6.622394, -0.2035597, 7.438982
38168, 73.73177, -6.620997, -0.2035598, 7.429626
38168, 73.76868, -6.618392, -0.2035598, 7.411345
38168, 73.81059, -6.614868, -0.2035598, 7.383795
38168, 73.82845, -6.61307, -0.2035598, 7.368798
38168, 73.84567, -6.611517, -0.2035597, 7.355383
38168, 73.86592, -6.61002, -0.2035598, 7.341739
38168, 73.88535, -6.608214, -0.2035598, 7.324876
38168, 73.90263, -6.606467, -0.2035598, 7.307901
38168, 73.9249, -6.604893, -0.2035598, 7.29211
38168, 73.95638, -6.60136, -0.2035598, 7.254534
38168, 73.9732, -6.600248, -0.2035598, 7.239507
38168, 74.00448, -6.600956, -0.2035597, 7.207727
38168, 74.03767, -6.609184, -0.2035597, 7.17768
38168, 74.06947, -6.624646, -0.2035597, 7.148233
38168, 74.0892, -6.633162, -0.2035597, 7.133873
38168, 74.11042, -6.64351, -0.2035597, 7.117078
38168, 74.14375, -6.663674, -0.2035597, 7.085396
38168, 74.16172, -6.673366, -0.2035597, 7.071442
38168, 74.18055, -6.685209, -0.2035597, 7.057914
38168, 74.19738, -6.698741, -0.2035598, 7.044825
38168, 74.23495, -6.727118, -0.2035597, 7.028515
38168, 74.25167, -6.747231, -0.2035598, 7.020687
38168, 74.27322, -6.763086, -0.2035598, 7.015398
38168, 74.2937, -6.784224, -0.2035598, 7.011224
38168, 74.31353, -6.804607, -0.2035598, 7.009215
38168, 74.3334, -6.824421, -0.2035598, 7.008409
38168, 74.35464, -6.844289, -0.2035598, 7.007943
38168, 74.37441, -6.865518, -0.2035598, 7.0075
38168, 74.40653, -6.899885, -0.2035598, 7.006461
38168, 74.43998, -6.933289, -0.2035598, 7.004488
38168, 74.47411, -6.96529, -0.2035598, 6.999036
38168, 74.50864, -6.996457, -0.2035597, 6.981801
38168, 74.76295, -6.996457, -0.2035598, 6.981801
38168, 74.80166, -6.99478, -0.2035597, 6.980404
38168, 74.81993, -6.992205, -0.2035598, 6.978512
38168, 74.83857, -6.989205, -0.2035598, 6.976496
38168, 74.87728, -6.980368, -0.2035597, 6.970776
38168, 74.89609, -6.973513, -0.2035597, 6.966595
38168, 74.91655, -6.966092, -0.2035598, 6.962358
38168, 74.93409, -6.956629, -0.2035598, 6.957227
38168, 74.95116, -6.947289, -0.2035597, 6.952369
38168, 74.97143, -6.937045, -0.2035598, 6.947101
38168, 75.01228, -6.908912, -0.2035598, 6.932809
38168, 75.0291, -6.89201, -0.2035598, 6.924236
38168, 75.04747, -6.877389, -0.2035597, 6.916803
38168, 75.06544, -6.861039, -0.2035598, 6.908434
38168, 75.10081, -6.8316, -0.2035597, 6.893183
38168, 75.12128, -6.813723, -0.2035598, 6.883801
38168, 88.10925, -6.813723, -0.2035598, 6.883801
38168, 88.1423, -6.813606, -0.2035597, 6.884354
38168, 88.15988, -6.813362, -0.2035597, 6.885512
38168, 88.1779, -6.813008, -0.2035597, 6.887268
38168, 88.21046, -6.812014, -0.2035598, 6.892017
38168, 88.24277, -6.810431, -0.2035598, 6.898614
38168, 88.27604, -6.809457, -0.2035598, 6.906456
38168, 88.29337, -6.812701, -0.2035598, 6.903459
38168, 88.32726, -6.814102, -0.2035598, 6.894372
38168, 88.36648, -6.815508, -0.2035598, 6.882548
38168, 88.39859, -6.817387, -0.2035598, 6.867686
38168, 88.43382, -6.81968, -0.2035598, 6.850499
38168, 88.45078, -6.82112, -0.2035598, 6.839995
38168, 88.47161, -6.822617, -0.2035598, 6.829539
38168, 88.49106, -6.824869, -0.2035598, 6.815771
38168, 88.50864, -6.827299, -0.2035598, 6.802054
38168, 88.54391, -6.83223, -0.2035597, 6.776529
38168, 88.59406, -6.842008, -0.2035597, 6.729574
38168, 88.61087, -6.845593, -0.2035596, 6.712863
38168, 88.63172, -6.849141, -0.2035597, 6.696432
38168, 88.64909, -6.853551, -0.2035597, 6.676052
38168, 88.66764, -6.857214, -0.2035597, 6.659083
38168, 88.69823, -6.864146, -0.2035598, 6.626592
38168, 88.71516, -6.867353, -0.2035598, 6.610989
38168, 88.73325, -6.870529, -0.2035597, 6.594359
38168, 88.76801, -6.875775, -0.2035597, 6.560969
38168, 88.78831, -6.878088, -0.2035597, 6.542065
38168, 88.81937, -6.881195, -0.2035597, 6.505892
38168, 88.83614, -6.881796, -0.2035597, 6.490856
38168, 88.86855, -6.881935, -0.2035597, 6.458533
38168, 88.9001, -6.881142, -0.2035598, 6.426452
38168, 88.93211, -6.87887, -0.2035598, 6.395081
38168, 88.94934, -6.876625, -0.2035596, 6.378368
38168, 88.96653, -6.873448, -0.2035598, 6.361434
38168, 89.00166, -6.865982, -0.2035598, 6.329784
38168, 89.02136, -6.861076, -0.2035596, 6.310605
38168, 89.04218, -6.856047, -0.2035597, 6.291551
38168, 89.07545, -6.846581, -0.2035598, 6.256007
38168, 89.09421, -6.842115, -0.2035597, 6.239284
38168, 89.11098, -6.837277, -0.2035597, 6.221159
38168, 89.12877, -6.832956, -0.2035597, 6.204955
38168, 89.16067, -6.824384, -0.2035597, 6.172558
38168, 89.17927, -6.820299, -0.2035597, 6.156911
38168, 89.19631, -6.815625, -0.2035597, 6.138906
38168, 89.21699, -6.811379, -0.2035597, 6.122398
38168, 89.23431, -6.806275, -0.2035597, 6.102365
38168, 89.25423, -6.802012, -0.2035597, 6.085566
38168, 89.28478, -6.793356, -0.2035597, 6.051133
38168, 89.3152, -6.785912, -0.2035597, 6.021256
38168, 89.33448, -6.782397, -0.2035598, 6.007099
38168, 89.36865, -6.774147, -0.2035597, 5.973633
38168, 89.40099, -6.766087, -0.2035598, 5.940588
38168, 89.4186, -6.762048, -0.2035597, 5.923756
38168, 89.44952, -6.754385, -0.2035598, 5.890998
38168, 89.46764, -6.751058, -0.2035597, 5.876482
38168, 89.48616, -6.747083, -0.2035597, 5.85881
38168, 89.50321, -6.743102, -0.2035598, 5.84072
38168, 89.5223, -6.739474, -0.2035596, 5.824061
38168, 89.54331, -6.735488, -0.2035597, 5.805392
38168, 89.56013, -6.731159, -0.2035597, 5.784828
38168, 89.57823, -6.72775, -0.2035597, 5.768357
38168, 89.61266, -6.720989, -0.2035598, 5.73492
38168, 89.63345, -6.717439, -0.2035597, 5.716854
38168, 89.66891, -6.710551, -0.2035597, 5.680116
38168, 89.6862, -6.707358, -0.2035598, 5.661513
38168, 89.70741, -6.704678, -0.2035597, 5.644439
38168, 89.72607, -6.70178, -0.2035598, 5.623425
38168, 89.74541, -6.699415, -0.2035597, 5.604911
38168, 89.76351, -6.697098, -0.2035596, 5.585706
38168, 89.78394, -6.695014, -0.2035596, 5.567731
38168, 89.80106, -6.692797, -0.2035597, 5.547433
38168, 89.8381, -6.689339, -0.2035597, 5.513911
38168, 89.85708, -6.687355, -0.2035597, 5.493544
38168, 89.87543, -6.685543, -0.2035596, 5.474649
38168, 89.90852, -6.682463, -0.2035597, 5.441
38168, 89.94375, -6.679752, -0.2035596, 5.407422
38168, 89.97825, -6.677598, -0.2035597, 5.372581
38168, 90.01091, -6.676576, -0.2035596, 5.338028
38168, 90.03, -6.676344, -0.2035596, 5.321151
38168, 90.04861, -6.676221, -0.2035597, 5.30206
38168, 90.08092, -6.676177, -0.2035597, 5.267634
38168, 90.09837, -6.676201, -0.2035596, 5.251136
38168, 90.11562, -6.676261, -0.2035596, 5.233693
38168, 90.1507, -6.676447, -0.2035597, 5.200131
38168, 90.1709, -6.676608, -0.2035596, 5.181365
38168, 90.20652, -6.677012, -0.2035596, 5.146258
38168, 90.22585, -6.67732, -0.2035597, 5.125549
38168, 90.24323, -6.677647, -0.2035597, 5.106219
38168, 90.30945, -6.678785, -0.2035597, 5.040432
38168, 90.34232, -6.679384, -0.2035596, 5.007404
38168, 90.3738, -6.680006, -0.2035596, 4.974716
38168, 90.40967, -6.680683, -0.2035597, 4.943007
38168, 90.43204, -6.681155, -0.2035596, 4.922433
38168, 90.45002, -6.681672, -0.2035596, 4.900076
38168, 90.4707, -6.682127, -0.2035596, 4.882093
38168, 90.48837, -6.682684, -0.2035596, 4.861427
38168, 90.50639, -6.68317, -0.2035596, 4.84376
38168, 90.52412, -6.683665, -0.2035597, 4.825742
38168, 90.55711, -6.684577, -0.2035597, 4.791614
38168, 90.5739, -6.684998, -0.2035597, 4.775044
38168, 90.60868, -6.685748, -0.2035597, 4.742884
38168, 90.62677, -6.686166, -0.2035596, 4.723485
38168, 90.64455, -6.686536, -0.2035596, 4.705401
38168, 90.67905, -6.687205, -0.2035596, 4.672946
38168, 90.69796, -6.687632, -0.2035597, 4.653131
38168, 90.71628, -6.688066, -0.2035596, 4.634232
38168, 90.733, -6.688513, -0.2035596, 4.615913
38168, 90.75045, -6.688925, -0.2035596, 4.599193
38168, 90.79811, -6.690137, -0.2035596, 4.549781
38168, 90.82954, -6.690897, -0.2009191, 4.518605
38168, 90.86149, -6.691677, -0.1995597, 4.48709
38168, 90.88277, -6.692085, -0.1995597, 4.470747
38168, 90.90029, -6.692617, -0.1995597, 4.449468
38168, 90.92056, -6.693061, -0.1995597, 4.431962
38168, 90.94119, -6.693596, -0.1995598, 4.411695
38168, 90.95998, -6.694165, -0.1997482, 4.391069
38168, 90.99236, -6.695167, -0.2005596, 4.355891
38168, 91.02485, -6.696113, -0.2005596, 4.323478
38168, 91.0427, -6.69658, -0.2005596, 4.30745
38168, 91.0732, -6.697529, -0.2005596, 4.275124
38168, 91.10461, -6.698437, -0.2005596, 4.243779
38168, 91.12364, -6.698898, -0.2005596, 4.227725
38168, 91.16063, -6.69999, -0.2005596, 4.189985
38168, 91.1794, -6.700543, -0.2005596, 4.171727
38168, 91.21447, -6.701642, -0.2005596, 4.137044
38168, 91.23408, -6.702292, -0.2005595, 4.117919
38168, 91.25276, -6.702973, -0.2005594, 4.098322
38168, 91.2697, -6.70365, -0.2005595, 4.079648
38168, 91.30074, -6.704859, -0.2005595, 4.047872
38168, 91.31752, -6.705485, -0.2005595, 4.031709
38168, 91.33793, -6.706165, -0.2005595, 4.014939
38168, 91.37431, -6.707708, -0.2005595, 3.978776
38168, 91.39174, -6.70863, -0.2005595, 3.958206
38168, 91.40879, -6.709441, -0.2005595, 3.940794
38168, 91.47645, -6.712717, -0.2005595, 3.873893
38168, 91.49526, -6.713636, -0.2005595, 3.856184
38168, 91.52973, -6.715526, -0.2005595, 3.820913
38168, 91.54935, -6.716529, -0.2005595, 3.802981
38168, 91.56855, -6.717672, -0.2005595, 3.783394
38168, 91.6031, -6.719754, -0.2005595, 3.748625
38168, 91.6198, -6.720933, -0.2005595, 3.72974
38168, 91.63919, -6.721984, -0.2005595, 3.713073
38168, 91.65616, -6.723239, -0.2005595, 3.693729
38168, 91.67805, -6.724352, -0.2005594, 3.6768
38168, 91.7114, -6.726997, -0.2005594, 3.63843
38168, 91.72881, -6.728193, -0.2005595, 3.621688
38168, 91.74556, -6.729475, -0.2005594, 3.604333
38168, 91.76267, -6.730737, -0.2005594, 3.587626
38168, 91.79724, -6.733308, -0.2005594, 3.554932
38168, 91.81802, -6.734851, -0.2005594, 3.536109
38168, 91.83877, -6.736617, -0.2005594, 3.515409
38168, 91.85916, -6.738461, -0.2005594, 3.494739
38168, 91.87841, -6.740366, -0.2005594, 3.474432
38168, 91.91149, -6.743829, -0.2005594, 3.439183
38168, 91.92992, -6.745562, -0.2005594, 3.422362
38168, 91.94807, -6.747544, -0.2005594, 3.404041
38168, 91.96564, -6.749614, -0.2005594, 3.386003
38168, 91.98689, -6.751669, -0.2005594, 3.368554
38168, 101.9097, -6.751669, -0.2005595, 3.368554
38168, 101.9428, -6.751669, 3.72144, 3.368554
38168, 101.9743, -6.751669, 3.79944, 3.368554
38168, 102.6862, -6.751771, 3.799441, 3.368707
38168, 102.7199, -6.752291, 3.799441, 3.368469
38168, 102.7513, -6.75281, 3.799441, 3.367019
38168, 102.7682, -6.753151, 3.799441, 3.365737
38168, 102.7857, -6.753726, 3.799441, 3.363681
38168, 102.8042, -6.754626, 3.799441, 3.360839
38168, 102.8227, -6.755761, 3.799441, 3.356907
38168, 102.842, -6.757084, 3.799441, 3.351956
38168, 102.8592, -6.758661, 3.799441, 3.345676
38168, 102.876, -6.760235, 3.799441, 3.338986
38168, 102.909, -6.763538, 3.79944, 3.323202
38168, 102.9455, -6.767341, 3.799441, 3.301689
38168, 102.9621, -6.769853, 3.799441, 3.285822
38168, 102.9805, -6.772058, 3.799441, 3.271511
38168, 102.9986, -6.774676, 3.799441, 3.254211
38168, 103.0155, -6.777345, 3.799441, 3.236247
38168, 103.0323, -6.779785, 3.799441, 3.219522
38168, 103.0508, -6.782176, 3.799441, 3.202939
38168, 103.0678, -6.784802, 3.799441, 3.18462
38168, 103.1021, -6.789253, 3.799441, 3.153201
38168, 103.1195, -6.791981, 3.799441, 3.133813
38168, 117.6217, -6.791981, 3.799441, 3.133813
38168, 117.6398, -6.791981, 7.72144, 3.133813
38168, 117.6574, -6.791981, 7.79944, 3.133813
38168, 119.6927, -6.791981, 7.79944, 3.133813
38168, 119.7109, -6.791626, 7.79944, 3.134253
38168, 119.7435, -6.79001, 7.79944, 3.136492
38168, 119.7768, -6.787313, 7.79944, 3.140591
38168, 119.8101, -6.783851, 7.79944, 3.146392
38168, 119.8444, -6.779334, 7.79944, 3.154909
38168, 119.865, -6.776834, 7.79944, 3.160172
38168, 119.884, -6.773809, 7.79944, 3.167123
38168, 119.9019, -6.770932, 7.79944, 3.174286
38168, 119.9354, -6.765612, 7.79944, 3.189205
38168, 119.9552, -6.76294, 7.79944, 3.198041
38168, 119.9892, -6.757543, 7.79944, 3.218404
38168, 120.006, -6.754676, 7.79944, 3.230272
38168, 120.0402, -6.749213, 7.79944, 3.253929
38168, 120.0572, -6.746081, 7.799441, 3.268179
38168, 120.0748, -6.742997, 7.799441, 3.282363
38168, 120.0948, -6.73963, 7.79944, 3.297946
38168, 120.1161, -6.735641, 7.79944, 3.316478
38168, 120.1336, -6.731174, 7.79944, 3.337279
38168, 120.1711, -6.724091, 7.79944, 3.37045
38168, 120.2037, -6.71654, 7.79944, 3.405923
38168, 120.2219, -6.712922, 7.79944, 3.422944
38168, 120.2396, -6.709149, 7.79944, 3.440715
38168, 120.2587, -6.705473, 7.79944, 3.458091
38168, 120.2805, -6.701539, 7.79944, 3.476745
38168, 120.3125, -6.693715, 7.79944, 3.513982
38168, 120.3313, -6.690491, 7.79944, 3.52943
38168, 120.3672, -6.683624, 7.79944, 3.562547
38168, 120.3839, -6.679437, 7.79944, 3.582967
38168, 120.4044, -6.676094, 7.79944, 3.599376
38168, 120.425, -6.672038, 7.79944, 3.619456
38168, 120.444, -6.66797, 7.79944, 3.639684
38168, 120.4748, -6.661443, 7.79944, 3.672284
38168, 120.5058, -6.655323, 7.79944, 3.702896
38168, 120.5384, -6.649145, 7.79944, 3.733768
38168, 120.5694, -6.642746, 7.79944, 3.765736
38168, 120.6016, -6.636715, 7.79944, 3.795963
38168, 120.6331, -6.630431, 7.79944, 3.827522
38168, 120.6511, -6.627204, 7.79944, 3.843728
38168, 120.6691, -6.6237, 7.79944, 3.861378
38168, 120.7017, -6.617023, 7.79944, 3.895222
38168, 120.7377, -6.610598, 7.79944, 3.92808
38168, 120.7706, -6.603909, 7.79944, 3.962228
38168, 120.8041, -6.597881, 7.79944, 3.992889
38168, 120.8353, -6.591362, 7.79944, 4.025902
38168, 120.8671, -6.585076, 7.79944, 4.057506
38168, 120.9006, -6.579008, 7.79944, 4.08794
38168, 120.9193, -6.575357, 7.79944, 4.10617
38168, 120.937, -6.571684, 7.79944, 4.124453
38168, 120.9543, -6.568173, 7.79944, 4.141809
38168, 120.9753, -6.564726, 7.79944, 4.158751
38168, 121.0085, -6.557395, 7.79944, 4.194314
38168, 121.0256, -6.553747, 7.79944, 4.211876
38168, 121.0621, -6.546854, 7.79944, 4.244813
38168, 121.0954, -6.539394, 7.79944, 4.279652
38168, 121.1336, -6.531564, 7.79944, 4.315002
38168, 121.165, -6.523691, 7.79944, 4.349331
38168, 121.2005, -6.516372, 7.79944, 4.380825
38168, 121.2345, -6.508451, 7.800441, 4.41409
38168, 121.2513, -6.504013, 7.80044, 4.432269
38168, 121.2704, -6.499982, 7.80044, 4.448605
38168, 121.3204, -6.486958, 7.800428, 4.500116
38168, 121.3391, -6.482964, 7.799451, 4.515617
38168, 121.3736, -6.474299, 7.796441, 4.548617
38168, 121.4074, -6.465403, 7.796441, 4.581743
38168, 121.4251, -6.460519, 7.796441, 4.599658
38168, 121.4437, -6.45582, 7.796441, 4.616735
38168, 121.4791, -6.446882, 7.796441, 4.648894
38168, 121.4962, -6.4413, 7.796441, 4.668709
38168, 121.5146, -6.436619, 7.796441, 4.685205
38168, 121.5331, -6.43154, 7.796441, 4.702856
38168, 121.5536, -6.426366, 7.796441, 4.720576
38168, 121.5714, -6.420566, 7.796441, 4.740279
38168, 121.6082, -6.410943, 7.796441, 4.772519
38168, 121.6268, -6.404886, 7.796441, 4.792593
38168, 121.6465, -6.399486, 7.796441, 4.810354
38168, 121.6642, -6.393729, 7.796441, 4.829195
38168, 121.6849, -6.388522, 7.796441, 4.846164
38168, 121.7034, -6.38237, 7.796441, 4.865922
38168, 121.7207, -6.376805, 7.796441, 4.883552
38168, 121.7388, -6.371579, 7.796441, 4.899977
38168, 121.7581, -6.366035, 7.796441, 4.917198
38168, 121.7767, -6.360036, 7.796441, 4.935575
38168, 121.7942, -6.354202, 7.796441, 4.95331
38168, 121.8152, -6.348695, 7.796441, 4.96984
38168, 121.8661, -6.330744, 7.796441, 5.022727
38168, 121.8856, -6.325531, 7.796441, 5.037877
38168, 121.9043, -6.319134, 7.796441, 5.056324
38168, 121.9211, -6.312955, 7.796441, 5.074032
38168, 121.9428, -6.307423, 7.796441, 5.089862
38168, 121.9597, -6.300262, 7.796441, 5.110312
38168, 121.9772, -6.294662, 7.796441, 5.126315
38168, 122.0107, -6.283488, 7.796441, 5.15839
38168, 122.0294, -6.277946, 7.796441, 5.174436
38168, 122.1134, -6.250084, 7.796441, 5.255834
38168, 122.1301, -6.244696, 7.796441, 5.271607
38168, 122.1515, -6.239281, 7.796441, 5.287444
38168, 122.169, -6.232368, 7.796441, 5.307677
38168, 122.206, -6.220845, 7.796441, 5.341409
38168, 122.242, -6.209559, 7.796441, 5.374683
38168, 122.2738, -6.198435, 7.796441, 5.407679
38168, 122.3057, -6.188257, 7.796441, 5.438081
38168, 122.3258, -6.183009, 7.796441, 5.4538
38168, 122.3432, -6.176677, 7.796441, 5.472812
38168, 122.3603, -6.17117, 7.796441, 5.48937
38168, 122.3948, -6.160365, 7.796441, 5.521934
38168, 122.4155, -6.15493, 7.796441, 5.538325
38168, 122.4341, -6.148417, 7.796441, 5.557985
38168, 122.4515, -6.14258, 7.796441, 5.57562
38168, 122.4696, -6.137106, 7.796441, 5.592191
38168, 122.4872, -6.131458, 7.796441, 5.609325
38168, 122.5238, -6.120958, 7.796441, 5.641239
38168, 122.5575, -6.109483, 7.796441, 5.676229
38168, 122.5744, -6.104035, 7.796441, 5.692865
38168, 122.6069, -6.093891, 7.796441, 5.723908
38168, 122.6244, -6.088706, 7.796441, 5.739797
38168, 122.6558, -6.078207, 7.796441, 5.771981
38168, 122.6744, -6.073515, 7.796441, 5.786351
38168, 122.7425, -6.052078, 7.796441, 5.851982
38168, 122.7772, -6.041676, 7.796441, 5.88375
38168, 122.8091, -6.031225, 7.796441, 5.91562
38168, 122.8446, -6.020706, 7.796441, 5.947711
38168, 122.8638, -6.01478, 7.796441, 5.965786
38168, 122.8811, -6.008813, 7.796441, 5.983996
38168, 122.9159, -5.998382, 7.796441, 6.015856
38168, 122.9479, -5.987539, 7.796441, 6.049109
38168, 122.9686, -5.982717, 7.796441, 6.063944
38168, 123.0036, -5.971555, 7.796441, 6.09836
38168, 123.0235, -5.965518, 7.796441, 6.11696
38168, 123.0419, -5.959365, 7.796441, 6.1359
38168, 123.0749, -5.948951, 7.796441, 6.16795
38168, 123.0934, -5.943488, 7.796441, 6.184746
38168, 123.1146, -5.937741, 7.796441, 6.20237
38168, 123.1457, -5.926425, 7.796441, 6.236345
38168, 123.1624, -5.920714, 7.796441, 6.251805
38168, 123.1945, -5.905996, 7.796441, 6.280309
38168, 123.2115, -5.893568, 7.796441, 6.291399
38168, 123.2291, -5.880193, 7.796441, 6.301746
38168, 123.2618, -5.852429, 7.796441, 6.320843
38168, 123.2912, -5.825897, 7.796441, 6.337426
38168, 123.3206, -5.800284, 7.796441, 6.351502
38168, 123.375, -5.756069, 7.796441, 6.373676
38168, 123.4063, -5.724178, 7.796441, 6.386541
38168, 123.4396, -5.692206, 7.796441, 6.394151
38168, 123.4717, -5.65954, 7.796441, 6.399529
38168, 123.5033, -5.628254, 7.796441, 6.403906
38168, 123.5379, -5.612216, 7.796441, 6.406008
38168, 123.9167, -5.612216, 7.796441, 6.406008
38168, 123.949, -5.610898, 7.796441, 6.407923
38168, 123.9693, -5.609649, 7.796441, 6.40978
38168, 124.0016, -5.605297, 7.796441, 6.416136
38168, 124.0185, -5.602124, 7.796441, 6.41932
38168, 124.0393, -5.596894, 7.796441, 6.421645
38168, 124.0576, -5.588571, 7.796441, 6.423191
38168, 124.0746, -5.579777, 7.796441, 6.423591
38168, 124.1087, -5.559365, 7.796441, 6.422152
38168, 124.1422, -5.532845, 7.796441, 6.417333
38168, 124.1634, -5.517076, 7.796441, 6.413851
38168, 124.1843, -5.496508, 7.796441, 6.408949
38168, 124.2031, -5.476159, 7.796441, 6.403967
38168, 124.2373, -5.443347, 7.796441, 6.395853
38168, 124.2561, -5.424704, 7.796441, 6.391168
38168, 124.2924, -5.390446, 7.796441, 6.382542
